1101,-94,90,294,-87,675,-34,200,351,272,1196,-207,722,149,1023,520,-42,1203,1087,-767,-1584
1102,-0,104,-376,22,466,-30,166,811,395,1239,378,2024,2185,1637,720,223,354,781,1820,547
1103,0,-7,-1,0,-1,-2,0,8,-59,7,-73,-13,-19,-32,-2,0,-3,-1,16,74
1104,-1,-4,-1,0,-1,-2,0,6,5,10,1,-197,-27,3,-41,-78,0,1,-55,0
1108,0,0,0,0,0,-3,0,1,2,1,1,0,0,1,0,0,-0,0,3,0
1109,0,-1,0,2,0,10,-0,-0,3,2,0,0,-2,-4,0,-0,-12,50,9,60
1110,0,0,0,0,0,0,0,1,-7,2,1,0,0,1,0,0,0,0,5,-5
1201,0,-6,0,-1,-1,0,0,2,0,0,-10,-67,-189,16,14,66,97,0,-53,-67
1203,-1,-2,0,0,-1,0,0,1,-7,1,0,6,-3,-0,-2,0,0,0,0,0
1210,-25,7,26,56,29,-21,-63,-115,46,-28,-26,72,-201,-102,172,7,-90,20,-53,-67
1213,0,0,0,0,0,-1,0,0,0,0,0,0,0,0,0,0,0,0,0,0
1215,4,18,-4,18,2,21,-24,95,26,160,-7,375,22,-58,23,-91,-263,-20,75,2
1216,-49,-111,67,-10,3,23,-20,-56,21,258,-79,70,-13,-208,-4,-36,97,-130,184,-50
1217,0,-6,1,-80,-82,50,150,17,30,0,0,0,0,0,0,0,0,0,14,0
1218,0,-5,-6,-2,4,-14,-11,4,-78,71,-111,68,-131,-16,153,34,6,-11,-76,-101
1219,-1,-2,8,3,5,0,0,2,1,2,-4,-1,0,-2,0,0,0,0,2,0
1220,0,0,0,-0,8,-18,30,5,138,0,87,-26,58,0,0,0,-0,0,1,0
1225,0,0,2,0,0,0,0,-0,5,0,-2,0,0,0,0,0,0,0,2,-2
1227,-2,1,9,0,3,2,1,-61,-4,124,147,-3,306,-3,0,0,-2,-162,-218,74
1229,0,-15,42,-0,-2,2,-5,14,7,17,-15,-43,0,-55,-0,0,-8,-39,12,0
1231,-1,-1,1,0,-1,0,0,1,7,-0,0,-2,1,-6,-2,0,0,-13,4,-2
1232,0,-12,7,0,0,0,0,2,2,4,-4,0,-15,13,0,0,-0,1,2,15
1233,0,-41,0,0,0,0,0,-4,-21,0,0,0,-0,0,0,0,0,0,-3,0
1234,0,0,3,2,2,0,0,14,9,36,0,0,0,0,0,0,0,0,4,0
1235,0,1,2,0,1,0,0,0,0,0,-2,0,0,0,0,0,0,-2,0,0
1236,0,5,0,0,0,4,0,-0,0,-0,-5,-5,5,0,0,0,0,0,1,0
1702,12,10,31,-1,0,-6,-29,-18,38,51,16,-1,-130,-21,75,-82,-320,-31,-175,-156
1737,2,10,54,9,11,6,15,37,33,-233,-83,-204,-166,-44,-400,10,157,45,167,113
1301,355,-80,152,142,-281,11,-302,-14,466,207,176,-253,-694,-5288,93,3301,1271,200,1722,-343
1303,69,-103,91,-5,145,126,-307,-156,353,199,-778,-41,-133,-727,-74,-415,-108,-371,109,-513
1304,478,-23,375,-302,-164,30,-16,140,78,-175,-1,-289,-248,-554,-30,-174,-32,11,-952,268
1305,75,112,-5,41,-566,128,-14,46,438,-50,82,-48,-153,-146,44,-334,-573,145,-484,-578
1307,0,0,8,0,0,3,0,80,0,39,0,0,0,0,0,0,0,0,0,-0
1308,111,81,-15,-14,38,-50,126,91,111,-133,14,-86,-193,-1,12,-160,-483,356,-680,163
1309,-15,13,-54,83,-93,212,13,-54,350,-95,-75,-14,-435,-62,2,-410,-213,267,-435,-401
1310,8,-15,-49,132,56,16,20,54,20,-170,-11,-148,-380,-203,499,-71,-183,244,-353,-122
1312,362,163,348,594,97,199,249,-1215,-63,-1134,184,115,-1504,-324,-530,-898,-75,1096,-4494,-367
1313,216,39,12,84,86,-73,-96,136,256,-204,1,-539,-662,-556,350,-264,-83,-61,-940,-617
1314,158,5,-317,386,173,-85,-263,-2992,1854,-3931,-162,-1936,-4896,-2835,2721,-4800,-2290,-355,-9952,6446
1315,-12,0,-13,0,0,-0,-1,-1,2,1,0,-1,-2,0,0,0,-2,0,-1,-1
1321,-1,-2,0,10,-1,0,0,0,3,1,0,-1,1,1,0,1,0,0,1,0
1323,0,0,0,0,0,-12,0,0,-12,0,-30,0,43,1,0,0,-5,0,5,0
1324,0,-1,0,-5,0,-23,0,0,1,0,-1,-3,4,0,0,0,0,0,0,4
1325,-1,234,45,-30,-100,-27,-107,118,-67,3,498,0,-31,299,-9,0,-5,13,6,-9
1326,-2,-328,87,-1,6,-147,-121,53,580,-28,108,7,-395,-933,-137,-112,769,288,165,-4
4306,6,1,56,16,-4,-2,-11,20,32,2,-114,30,-114,-20,-55,-52,-41,-23,-23,-39
1402,120,130,-12,-116,-45,90,-54,-66,261,-51,-107,-86,-627,-1056,662,253,378,234,146,-1030
1409,39,-14,123,36,113,408,-76,755,117,-214,-274,-570,-2232,88,770,-184,111,695,-867,557
1410,0,-3,-3,0,0,0,0,0,2,1,0,0,-2,0,0,0,-0,0,2,-2
1413,0,0,0,0,0,0,0,0,0,0,0,0,0,0,0,0,0,0,0,-2
1414,0,-0,0,-0,0,-12,0,0,2,1,-79,-5,85,0,0,1,-1,-1,4,-1
1417,0,-44,0,-3,2,0,0,1,116,4,-62,-9,94,-0,0,0,-0,1,12,-2
1418,0,0,0,0,0,0,0,0,0,0,0,-2,0,0,0,0,0,0,-2,0
1419,-2,0,0,-1,0,-1,0,-1,-4,2,1,0,0,2,0,0,-1,0,3,0
1423,0,0,-1,0,-0,-18,1,-1,2,1,-18,-10,13,3,12,0,0,0,2,0
1434,-3,100,328,31,307,109,87,39,91,1023,304,649,833,1054,0,33,83,701,918,123
1439,-1,0,0,0,-0,-8,0,0,1,1,0,0,0,0,0,0,0,0,-0,0
1440,-127,-15,419,-4,294,-56,-198,-657,959,-151,-569,-146,-3183,-76,1838,-372,-1128,-3069,-2125,598
1443,0,0,0,0,0,0,0,0,0,0,0,0,0,0,0,0,0,0,-2,0
1444,80,-40,-6,94,245,164,92,119,-115,-500,-173,-731,-758,-622,724,-759,-659,476,-1323,913
1445,0,0,0,0,-0,0,0,-1,2,1,0,-20,20,-0,0,0,0,-0,2,0
1446,0,0,0,0,-13,-1,0,0,1,1,-10,1,10,0,0,0,0,0,0,0
1447,0,-9,-7,-15,103,270,50,199,111,-212,-701,-464,-236,-252,74,43,-134,228,-282,376
1449,0,0,0,0,0,0,0,0,1,0,-7,0,8,0,0,0,0,1,0,-1
1451,0,0,0,-5,0,0,5,-1,3,1,-67,-11,78,1,0,1,-2,0,3,-1
1452,4,-4,4,219,0,-2,11,4,127,1,-283,-1,-98,8,0,30,0,60,71,-12
1453,0,-0,0,0,0,0,0,0,0,0,0,-1,1,0,-1,2,0,1,4,0
1454,0,0,0,-3,3,0,-0,-2,3,2,-7,-3,9,0,0,1,-1,3,1,-0
1455,0,-97,141,72,0,-2,-55,55,-1,-12,0,0,-70,-300,373,-2,2,1,-27,-2
1456,0,0,0,-0,5,0,17,38,61,0,96,-2,-3,2,0,0,0,-35,1,0
1457,0,0,0,0,0,-26,-435,-158,4,1,-251,-0,-824,-2291,-2267,-647,-707,-322,-966,-40
1459,0,0,0,-16,0,0,0,-1,17,0,0,0,0,0,0,0,0,0,0,0
1460,-86,0,0,0,0,-87,0,-1,1,0,173,0,0,0,0,0,0,0,0,0
1463,6,0,0,0,0,-21,0,0,0,1,1,0,0,0,0,0,0,1,2,0
1464,0,-2,0,0,0,-6,0,0,3,2,1,-1,1,0,0,1,-1,0,6,0
1465,0,0,0,0,0,0,0,-1,1,0,0,0,0,0,0,0,0,0,0,0
1466,0,0,0,-0,0,0,0,-1,2,0,0,-0,0,0,0,0,0,0,-0,0
1467,0,0,0,0,0,0,0,20,25,27,0,-0,21,0,0,0,0,-0,2,0
1468,-1,0,0,0,-2,0,0,0,4,0,0,0,0,0,0,0,0,0,0,0
1470,0,-0,0,0,-2,-15,0,-9,0,0,0,0,-4,1,0,0,0,0,0,-4
1472,0,0,0,0,0,0,0,-1,1,0,0,0,0,0,0,0,0,0,0,0
1473,0,0,0,0,0,-2,0,5,1,48,1,1,4,1,0,1,-1,0,17,0
1474,0,0,0,253,0,0,0,0,1,1,-6,-36,42,1,0,1,-1,-1,4,-2
1475,0,0,0,0,0,0,0,0,0,0,0,0,0,0,0,0,0,0,0,0
1476,5,-18,-5,-16,43,8,-5,31,65,-36,1,-163,-195,-46,165,54,98,-33,-5,-18
1477,21,-6,63,-19,7,77,63,-7,124,20,-16,-250,-311,82,87,66,55,130,-144,4
4414,0,0,0,0,0,0,0,36,5,2,1,0,3,1,0,2,-2,1,7,0
4426,0,0,0,0,0,0,0,-1,3,0,1,0,0,0,0,0,0,1,0,-0
4438,0,5,-0,0,-7,2,5,19,1,32,-65,-40,-27,0,3,0,0,-8,-15,-2
1503,49,37,20,0,-2,0,-1,5,4,2,-10,-7,-1,-9,0,1,-4,-9,13,0
1504,6,-30,67,-24,10,-6,-5,-62,11,-4,-39,5,8,15,-16,35,33,64,107,14
1506,0,0,0,0,0,0,0,0,0,0,0,0,0,0,0,0,0,0,0,0
1507,0,-5,15,1,-1,0,-1,3,3,3,-5,-3,-1,-43,0,-19,-1,-13,12,0
1513,-41,-56,-188,334,-562,49,-147,282,526,-177,-32,46,-911,-372,-45,-429,568,71,-1321,-368
1514,0,-1,0,0,0,-24,0,0,3,1,0,1,0,0,0,0,0,0,2,0
1515,-28,23,49,8,-1,78,1,10,80,-75,-14,-14,-65,-131,-26,31,-166,-19,118,-14
1517,0,-0,-0,0,-0,-37,-0,1,26,1,-9,0,1,0,-0,0,8,-1,2,-13
1519,2,-2,2,4,0,-0,-7,13,33,-5,-27,-21,-106,-332,210,-8,55,-39,-70,19
1526,0,0,4,0,0,0,0,0,1,0,0,-2,2,0,0,0,0,0,0,0
1527,-1,0,7,0,0,0,0,0,1,3,0,0,0,-83,0,0,0,0,2,0
1528,0,-0,0,0,-0,0,-0,-0,2,1,2,-66,65,0,0,0,0,-1,2,0
1529,0,-0,0,0,0,0,0,0,0,0,0,-31,31,0,0,-0,0,0,0,0
1530,0,0,0,3,0,-11,0,0,0,0,0,-32,33,0,0,1,0,0,1,0
1531,0,0,0,0,0,-23,8,0,2,1,-10,0,10,5,0,1,-1,-1,2,0
1532,-1,-3,0,-0,0,-2,0,-9,4,10,-0,-1,2,11,-1,18,1,0,2,0
1535,0,0,0,0,-0,-12,-5,0,1,1,0,0,0,5,0,0,0,0,1,-4
1537,0,1,0,0,0,0,0,1,-2,0,0,0,0,-3,3,0,0,0,1,0
1538,0,0,0,0,0,0,0,0,0,0,0,0,0,0,0,0,0,0,-2,0
1539,0,0,0,0,0,0,0,-1,1,1,1,-1,0,1,0,1,-1,0,0,0
1540,0,0,0,0,0,0,0,0,0,-4,-16,-5,28,1,0,1,-1,-2,3,0
1541,0,0,-2,-4,0,1,0,0,0,-0,2,2,8,0,0,0,0,9,0,0
1558,0,-1,0,0,0,0,-1,-1,0,1,2,-1,6,-4,-6,2,0,-4,3,-1
1560,0,-1,-1,0,-1,-1,0,1,1,-12,-2,-3,-11,-20,0,1,-2,-2,-9,-26
1583,-1,0,0,0,-7,0,0,-8,-6,1,0,0,5,0,-7,0,0,0,1,0
1597,7,0,0,1,10,3,0,-0,0,-3,-2,-10,-13,-9,0,14,0,-37,-41,-11
2049,12,-15,18,2,-97,28,-5,-49,58,-1,31,27,-78,-100,-21,16,-29,-53,-37,-38
2241,0,-1,0,0,-6,-5,0,0,0,0,0,-24,24,0,0,0,0,0,0,0
2371,-177,-25,-4,0,-207,-256,-15,10,20,21,-29,-39,-96,-289,-7,-98,-259,-862,-422,-300
3167,0,-1,1,-4,0,0,0,0,0,3,0,1,0,0,0,1,-1,-14,12,1
4526,0,0,0,0,0,-24,0,-2,4,2,0,-90,90,1,-1,1,0,1,1,0
4532,-1,-2,0,0,0,0,0,19,6,70,1,-1,0,1,0,1,-1,-1,5,2
4540,0,-1,0,0,0,0,0,0,1,1,-2,-22,19,1,0,0,0,-8,1,0
4555,0,-0,-1,0,0,0,0,-1,2,0,0,0,0,0,0,0,0,-15,1,0
4562,0,0,0,0,0,0,0,0,1,0,0,0,0,0,0,0,0,0,0,0
4564,7,-1,3,2,-1,0,0,4,2,-36,-24,-59,-107,-74,1,48,-33,107,-34,-1
4566,0,0,0,0,0,0,0,0,1,0,-28,0,-2,0,0,0,-4,-3,-6,5
4572,0,0,0,0,-3,0,0,0,-11,0,0,0,12,0,0,0,0,0,0,0
4576,-12,15,3,12,-2,3,0,-1,3,-4,0,1,-2,-14,-10,-2,16,-3,-1,-9
8222,0,0,0,0,0,0,0,0,0,2,0,-1,0,1,0,1,-1,-1,1,1
8374,0,0,0,0,0,0,0,0,1,-0,1,-1,0,1,0,0,0,-1,1,-9
8996,0,-1,0,0,-4,0,-0,0,1,0,0,-33,34,0,0,0,0,-1,1,0
1603,0,0,0,0,0,0,0,0,2,0,1,0,0,0,0,0,0,-2,2,-2
1604,-30,31,1,-18,0,-16,-15,-30,52,10,-54,56,-16,-3,-5,8,-40,-2,-41,4
1605,1256,355,278,-322,161,-35,-977,-506,199,-619,-206,-1651,-3069,-2580,2869,799,696,300,-1760,24
1608,-5,-23,0,-64,-13,-1,7,1,3,-79,-62,-1,-165,-64,-7,-13,146,-18,-57,-19
1609,270,-284,189,-263,-55,-395,-1218,843,157,-991,-757,-897,-566,-665,1455,579,124,113,-312,572
1611,0,0,0,0,0,-46,-4,-12,-106,2,1,-70,36,0,-15,1,-6,-26,3,1
1612,1,-3,0,14,32,-1,7,27,5,-57,-11,-111,-81,-176,-18,-101,-53,193,-135,-50
1614,0,-2,0,0,0,-2,0,0,3,2,-1,-1,-3,-4,-1,1,-1,-4,4,0
1615,0,-1,0,0,0,-8,0,-17,1,16,10,0,20,0,-3,-7,0,1,1,1
1616,0,0,0,0,0,0,0,0,0,0,0,0,0,0,0,0,0,0,0,0
1617,0,0,4,0,-3,-20,3,-1,2,0,-1,-0,1,0,0,0,0,0,-0,0
1618,0,-2,0,0,18,0,27,57,86,1,41,0,0,0,0,0,0,-1,2,0
4930,2,8,42,45,5,23,0,0,1,1,-18,0,8,0,0,0,0,-95,-9,0
5283,3,1,1,2,0,0,2,0,1,0,0,-2,2,-3,0,0,7,-6,-74,0
1708,0,-3,0,0,-1,0,0,1,4,10,0,0,0,0,0,0,0,1,2,0
1709,-1,-3,0,-0,12,0,15,20,250,22,1,0,0,1,0,0,0,-1,18,0
1710,328,33,0,40,65,-20,106,-40,55,-449,-614,-245,-365,-698,211,458,-490,1170,-479,-21
1711,-60,201,82,0,-20,55,0,1,-37,25,-6,-19,47,-99,0,-7,-28,0,-314,277
1712,-1,-3,-11,0,-1,-10,0,2,-80,-2,50,2,2,10,0,1,6,-10,9,25
1713,0,-1,0,0,-1,0,-0,0,2,0,-17,-4,16,1,0,0,0,-5,22,0
1714,-7,-65,20,20,-199,-115,27,99,113,502,203,-43,416,-368,-26,-17,-114,-212,-908,714
1717,48,-130,112,-5,-128,17,12,652,2,-202,-50,-52,-869,-614,272,21,-559,444,-474,-440
1718,161,49,48,-37,27,98,19,622,-185,-660,-631,-782,-1638,-2007,1287,-655,-1548,-852,-2563,1433
1721,0,0,0,0,0,0,0,-6,6,0,0,0,0,0,0,0,-0,-4,4,-1
1722,-3,-86,-1,-52,-6,-135,-10,-71,46,-101,-17,135,-234,68,411,-122,99,110,-156,-182
1723,0,-4,9,0,-1,1,-1,1,4,5,-5,-4,-4,-4,0,20,1,-5,10,0
1724,0,0,0,0,0,0,0,-7,0,0,0,7,0,0,0,1,0,0,2,0
1725,0,0,0,0,0,0,0,6,1,1,-0,0,-0,1,-22,0,0,0,1,0
1726,0,0,0,0,4,-0,0,2,14,1,0,0,2,2,0,1,0,-4,2,0
1727,0,0,0,0,-7,-0,-0,-1,1,-0,0,-4,5,1,0,1,0,7,0,0
1730,0,0,0,0,0,-7,5,0,0,1,-12,-5,22,3,5,5,0,2,5,0
1732,0,0,-10,0,0,45,55,-3,3,0,-0,0,-50,50,0,0,0,0,-0,0
1735,0,0,-2,-0,0,0,0,-1,2,0,0,-25,25,7,0,-8,0,0,4,0
1773,-6,2,0,0,2,18,-1,5,1,-1,1,-2,-5,-5,-2,0,-6,4,-2,-4
1776,0,0,0,0,0,0,-3,0,0,1,0,0,-0,3,0,1,5,-2,2,0
3708,0,-3,-3,-16,-6,-4,-3,28,13,-44,36,-56,-64,-100,61,-82,114,34,-137,5
4720,0,-1,0,0,0,0,0,0,-1,2,-1,-35,39,1,0,0,0,16,41,0
4722,0,0,0,0,0,-12,0,-1,-47,0,5,0,51,0,0,0,0,3,1,-24
4739,15,-1,8,115,90,0,0,67,5,39,-7,46,-94,-333,16,27,163,77,-60,-15
4755,-1,-1,-1,-2,-1,-3,0,0,1,1,0,0,0,0,0,0,0,0,1,0
4764,0,0,0,0,0,0,0,0,0,-2,-1,1,0,-1,0,0,0,0,2,0
4766,0,0,0,0,0,-1,0,9,1,28,1,1,0,0,0,0,0,0,1,0
1598,-1,-23,3,14,5,19,-3,2,4,-41,5,-7,-49,-43,0,8,5,-13,-79,2
1701,0,0,-9,0,-11,-33,0,0,0,1,0,-3,12,-6,0,-2,-16,-343,86,259
1707,-0,-11,6,6,-1,1,-0,-7,-1,-0,-5,-2,-4,-14,0,-0,-2,1,4,-0
1720,-1,-7,-8,0,15,-4,0,0,1,2,0,0,-1,1,5,0,0,0,3,0
1731,0,-1,0,0,0,0,0,15,1,2,1,0,0,1,0,0,0,-1,1,0
1733,0,0,0,0,0,0,0,-1,1,1,-0,-40,40,0,0,0,0,1,3,0
1734,0,0,0,0,-0,0,0,20,1,0,1,0,24,1,0,1,-1,3,2,-0
1736,3,-21,17,26,1,2,0,0,-3,-21,-11,-8,14,-38,16,1,-29,-30,-7,-23
1760,-8,82,-13,-48,51,-46,62,94,164,0,118,0,0,-13,0,0,0,0,-1,-13
1762,27,0,5,0,-100,4,10,39,116,-1,-1,-26,-55,-367,0,0,35,58,-45,-209
1783,0,0,-0,0,0,-9,0,0,0,-1,0,-21,23,0,0,0,1,0,0,-1
1786,0,0,0,0,0,-8,0,-0,0,1,0,-0,-0,-7,-0,0,0,0,-0,0
1789,-3,-33,52,0,-2,-2,-2,7,6,9,-27,-18,4,-50,-3,1,-18,-20,1,-30
1795,-9,20,22,-29,68,7,2,-34,1,28,7,44,0,1,0,0,0,0,1,0
3164,-0,-1,0,-0,-1,0,0,1,0,2,-1,2,-6,0,0,-1,0,-2,15,0
3705,0,-2,0,0,0,-2,0,2,-8,1,0,-1,0,1,0,0,0,0,3,0
4104,0,-1,0,0,-1,0,-47,-17,0,11,-2,9,74,-4,-1,0,0,-3,1,0
4106,0,5,0,0,-1,-5,0,-26,-89,95,21,-29,29,0,0,0,-0,0,2,0
4108,0,0,0,0,0,0,0,0,0,0,0,0,0,0,0,0,0,0,0,0
4119,0,-1,5,0,0,0,0,-1,1,-2,-2,0,-1,-1,0,0,0,-1,-5,-5
4133,-24,428,30,0,-37,-2,-51,76,10,0,0,0,0,0,0,0,0,0,-0,0
4142,-19,23,24,-208,-38,-13,-42,-273,80,185,-79,463,293,165,0,1,-14,-67,-139,22
4155,0,-1,0,0,0,0,5,5,-0,6,0,0,1,0,0,0,0,0,-0,0
4164,0,-0,11,-1,-29,-1,5,-4,-50,-0,-1,-1,-81,-0,-0,10,-1,-1,7,1
4737,0,0,0,0,-1,0,0,2,0,5,0,0,0,0,0,0,0,0,4,0
4746,-1,-74,10,65,-60,-130,0,0,1,220,0,0,0,1,0,0,0,0,1,0
6491,5,-6,21,-1,3,14,-7,1,-6,-4,-3,0,-17,-7,7,27,-3,0,-6,-8
1802,1726,-45,560,976,733,579,-2978,851,1203,-1052,-2301,-1742,-1095,-2430,1290,1675,1521,258,-3091,1509
1806,0,0,0,0,0,-6,-0,0,4,1,1,0,0,0,0,0,0,0,5,-1
1809,0,-2,0,0,0,-0,0,-0,2,5,0,0,1,0,0,0,0,0,2,1
1810,-1,-3,0,0,-1,0,0,2,4,4,-4,-18,49,1,0,1,-1,-2,13,0
1817,0,0,0,0,0,-2,1,0,1,0,25,9,19,10,5,5,5,9,13,5
1903,0,0,0,0,0,0,0,0,-4,0,-12,-6,-7,0,0,0,0,0,0,-10
1904,-12,21,56,-55,24,63,-65,-110,306,-318,19,-20,28,-362,1049,-96,-105,21,-18,28
1905,311,-274,-216,500,19,-1,8,77,21,-147,-312,-145,-6,-931,21,-277,825,28,77,-329
1906,-0,0,0,0,0,-20,0,-1,2,1,-49,0,49,1,0,0,0,0,1,0
1907,-385,707,42,15,156,113,-27,317,449,-256,-129,-211,-667,96,498,-27,-102,238,-323,-1162
1909,625,50,125,-485,1143,116,-56,8,208,-812,-1009,-1011,-1686,-1293,1655,9,-485,779,-2177,-1109
2002,8044,-1327,884,-1043,-1352,780,-13038,-2379,8843,-20885,-14559,-12102,-24575,-8477,26747,5626,9869,969,-29339,2123
2006,-33,7,80,-364,-93,-485,-1870,1576,1103,-2298,-951,-757,-1783,-1024,509,-776,101,241,-1387,-1289
2007,0,-6,0,-1,-1,0,0,1,-8,0,0,0,-1,-11,-199,0,0,0,0,0
2008,0,-1,0,0,0,0,0,1,-0,3,-44,1,34,0,0,-0,0,-2,4,1
2009,-30,0,43,15,15,15,-130,-179,288,2,-91,-219,438,0,0,0,-20,20,0,0
2010,12,28,14,0,0,0,0,-1,6,-18,-41,-23,10,-337,354,1,-79,63,-50,-148
2012,0,0,0,0,-0,-0,-0,0,0,0,0,0,0,0,0,0,0,-6,12,-0
2013,31,-1,1,-2,21,0,13,5,3,77,-27,-17,-63,27,26,-28,-31,83,-93,-195
2014,-89,-108,-1804,1485,82,615,-156,-178,-19,-198,-696,130,-2352,-616,1172,-503,201,345,-2258,435
2015,-0,-8,25,0,-3,1,-2,2,4,5,-8,-6,-5,-101,-1,1,-11,-5,-32,-44
2017,-0,-4,-0,1,-0,24,0,1,3,-0,11,90,41,-11,2,0,-21,-19,0,0
2020,0,-3,0,0,-1,0,0,68,0,520,296,1552,0,-4,-200,150,-3,49,22,1
2022,0,0,0,0,0,0,0,37,0,0,-1789,-16,-1000,-190,619,761,-185,-260,-1131,90
2023,147,95,3,244,41,-41,-110,-1462,1725,-4109,-1911,1341,-1784,1444,1542,234,1897,503,439,-1756
2024,0,-1,0,0,1,0,-1,1,1,1,0,0,0,-0,-1,1,0,-2,1,-0
2025,0,0,0,0,0,0,0,0,0,0,0,0,0,0,0,0,0,0,0,0
2027,4088,1084,1523,-1455,-15,1661,-1468,-606,1332,-1938,-3175,-4604,-4782,-3281,4704,794,99,2356,-3076,1257
2028,0,11,0,0,0,0,0,17,0,0,0,-48,0,13,35,-2,0,-6,0,0
2029,-1,-3,-0,0,12,0,4,7,30,1,6,0,-6,11,0,-16,-41,0,53,-169
2030,-0,-0,-0,0,0,2,0,20,8,2,20,-0,4,-148,151,0,0,-4,12,-2
2031,164,71,82,-73,50,152,-66,240,-13,78,-128,-50,-356,-225,40,-4,-133,186,-2190,21
2032,0,0,0,0,0,0,-0,-0,2,1,-19,0,20,1,0,1,-1,-3,6,0
2033,0,0,0,0,0,0,-0,0,1,0,-4,-1,-1,-0,0,0,0,0,0,-0
2034,492,75,107,-70,141,2,-322,532,406,-291,-281,-838,-1070,-233,869,912,-202,470,-497,-235
2038,0,-1,0,0,0,0,0,2,0,0,-1,0,0,-50,43,0,0,-28,2,-1
2069,0,4,0,0,0,0,0,0,2,1,-2,0,-5,0,1,0,-1,-4,34,0
2211,0,0,0,0,0,0,0,0,0,-1,0,1,0,0,0,0,0,0,0,0
3004,0,0,0,0,0,0,0,-0,-21,1,0,0,21,0,0,0,0,0,0,0
5007,0,-1,-1,0,-1,0,-0,2,1,4,-3,-2,-6,1,0,1,0,0,5,0
9958,308,19,14,27,-16,0,-144,184,-66,-1154,-25,-30,-698,-523,1519,-221,960,91,-339,-102
2101,-1,-8,20,0,-2,-2,-1,6,0,-40,-165,-1,-56,41,2,2,-4,-14,6,-23
2102,-25,12,-94,-90,-88,-56,46,49,-37,71,-10,-11,-61,111,2,-12,-47,77,-171,-87
2103,591,96,419,360,44,-152,-1051,319,1364,-527,-705,-507,-103,-698,-786,-1582,2077,1513,168,-1790
2104,28,3,39,21,-1,33,-10,-5,67,-184,-74,-171,-156,-11,39,-44,-51,183,-148,6
2105,31,-31,443,235,-65,6,-63,-644,40,-128,-126,-131,-615,-160,83,-74,-159,-1137,-33,-268
2106,-1,13,21,123,-1,-41,-134,22,6,-334,-13,-0,-15,-59,11,2,13,-27,25,1
2107,-1,0,0,0,7,-8,18,-1,106,-2,80,0,-31,-35,-56,-7,0,-5,-127,-28
2108,38,30,52,4,-1,50,-3,9,-56,-166,-64,3,78,121,-6,16,-38,-32,5,-97
2109,0,0,1,0,0,5,0,0,-7,0,-9,0,0,0,0,0,0,0,0,0
2114,0,-1,0,0,0,0,0,0,1,0,0,-2,2,-3,0,0,0,-2,2,-2
6582,3,7,-4,13,-8,23,-8,8,-3,-47,-18,5,85,-21,-23,12,3,-29,-66,-48
1319,-0,-5,17,61,-3,1,-2,1,3,7,-18,-153,-299,-29,-288,-2,2,3,41,-14
1339,-1,0,0,0,-1,0,0,-1,0,5,0,3,0,0,0,0,0,0,1,0
1512,0,0,0,0,0,0,0,0,0,0,0,0,0,0,0,0,0,0,0,0
1521,0,0,0,0,0,-10,0,-0,0,1,5,-26,28,0,0,0,-1,0,1,0
1522,0,-2,0,0,0,-4,-10,-12,5,1,1,0,1,-1,0,0,0,0,3,12
1524,0,0,0,0,0,0,0,0,2,1,-4,0,-6,0,0,0,0,-59,1,0
1525,0,0,0,0,0,0,0,0,0,0,0,-4,-15,0,0,-3,0,-5,0,0
1533,0,0,3,0,0,-1,0,2,0,0,0,0,0,0,0,0,0,1,0,0
1536,4,32,43,10,35,4,-3,-11,3,-32,-23,-11,-73,-79,-66,69,2,-7,-26,-58
1568,-1,0,0,0,-1,0,0,1,1,0,1,-1,-11,0,0,0,0,-10,1,0
1587,0,0,0,0,0,0,0,0,1,0,0,-21,21,-3,-0,0,-1,1,0,0
2201,117,-23,73,-25,36,98,118,-802,-211,29,-173,-1540,-256,-427,45,898,166,-345,-1750,-431
2204,10,-5,16,37,-1,-2,-1,30,4,2,415,-6,-1,-45,34,0,-3,-12,-150,-1
2206,9,2,21,13,-1,-1,3,-0,-6,-51,22,-28,-40,-105,4,-1,-21,-75,9,14
2207,-7,-5,10,7,-3,-1,-0,-10,-0,-25,-1,1,17,-8,19,4,-21,-9,13,-21
2227,0,-2,8,0,-1,0,0,2,1,4,-8,-3,-4,-1,0,1,-1,-3,-2,5
2228,0,0,0,0,0,-2,0,-1,2,0,1,-1,1,0,0,0,0,0,-4,-10
2231,12,-8,-6,-7,5,-0,-16,-106,0,11,-86,-6,-109,-153,29,42,-42,47,-55,-194
2233,0,-4,0,-41,-8,-36,70,-50,-52,5,-408,-88,-104,-39,-103,260,-29,-4,59,45
2247,0,0,0,0,0,0,0,0,0,0,0,0,0,0,0,-1,0,-1,0,0
2497,-1,0,0,-0,0,0,0,0,1,1,-1,-7,17,0,-0,0,0,1,1,0
3346,0,-1,0,0,0,0,0,-0,0,0,0,-35,32,-100,-55,0,-85,-11,-352,-26
4551,2,-13,0,-13,2,-2,-13,-10,-5,-35,-12,-8,-3,-86,-4,-6,-37,-12,-12,-5
6288,0,0,0,0,0,0,0,-35,-16,1,-1,0,1,-6,0,0,0,-50,3,-1
6605,0,-1,-3,0,-1,0,0,0,1,1,-1,1,-14,-8,0,0,0,0,-2,-1
2302,0,0,-6,0,0,0,0,0,-30,0,0,-5,5,0,0,0,6,-5,0,-5
2303,4470,-226,1239,9667,3587,-171,-3291,286,6372,-1203,-1935,1830,-8007,-12126,-2271,4615,-4157,-9102,3255,-12327
2329,-105,20,39,140,35,42,30,63,155,-228,-49,-226,-365,-220,-545,521,-91,237,28,-145
2330,791,-572,290,-13,-790,131,-1174,-724,1051,1159,-568,-886,678,-2323,-428,826,-352,-1622,858,-836
2337,2843,-324,-651,1485,627,-4,-1064,386,988,-1466,-248,-112,-2453,-4258,-1461,3135,-1154,-3355,-2104,-11
2338,-243,373,-22,78,154,-1,-121,344,68,107,91,146,-643,159,-280,515,-5,184,-234,-379
2342,0,-1,0,-0,-1,-51,-0,0,2,1,1,0,0,-1,0,0,-0,-1,3,0
2344,2948,-788,-829,2287,2664,405,-1061,3200,885,-2474,-1446,-234,-2014,-3682,-1010,3347,-825,-1787,-1014,-4024
2351,648,-13,-10,463,331,19,-29,23,121,-91,99,-57,-125,-316,167,125,15,-53,-107,-198
2363,45,-23,71,39,19,0,55,30,-36,-47,-9,64,-52,-133,-146,98,20,-170,88,-451
2369,-0,-2,9,-1,-2,0,0,-168,-26,38,-6,-2,13,-2,148,1,-3,-8,14,-12
2379,50,8,50,60,-13,4,-28,-86,112,-1,-1,-64,-32,-143,-29,5,18,-124,-261,-40
2388,8,-33,0,16,5,-1,0,-5,10,-12,-5,-7,-59,-152,-72,160,-6,-2,-269,264
2401,-110,240,-354,248,684,27,-73,-614,78,-252,-365,407,-350,-399,-893,790,65,172,-896,-2171
2408,1109,-66,-71,206,63,27,-59,-39,403,30,-409,156,-186,-1598,-412,935,-191,-459,-502,-776
2434,0,0,0,0,0,0,0,0,0,0,0,0,0,0,0,0,0,0,0,0
2436,189,-6,9,172,-47,157,-62,31,59,23,-200,-28,289,-56,-52,2,-18,-60,-14,-104
2441,5,32,29,33,27,166,0,17,35,-83,-6,22,-124,-41,-45,72,3,-9,-343,40
2449,411,106,-259,404,211,-45,-8,-248,233,-711,61,265,-925,-124,-870,1488,382,683,-570,-310
2451,0,-5,10,-0,-2,0,-1,-2,4,10,-4,-4,-1,-18,-0,0,-2,-7,16,-2
2454,230,-203,-38,39,-121,25,90,-380,372,372,-71,-411,-14,-521,-686,137,-764,-287,253,-1094
2458,31,19,25,33,118,-3,8,-39,140,134,17,286,305,81,101,74,117,319,338,368
2481,208,35,-66,141,-3,-134,180,30,52,-69,-27,-51,-40,-619,-458,408,223,72,-298,-438
3006,266,109,-254,-6,385,-171,-81,-351,-103,151,-113,-216,-488,-138,-270,163,21,-279,-178,-841
3014,50,45,-40,128,40,0,40,227,-0,-29,93,178,50,-9,-7,157,31,298,110,171
3016,7,-9,25,73,20,9,6,22,8,-48,7,-2,-60,-114,-112,98,-38,-78,-200,-107
3034,98,-59,-114,-206,166,277,-591,-34,380,-83,18,-96,-262,-1309,-395,277,691,-334,-468,-214
3035,167,-26,78,207,236,-5,13,-186,-160,-133,-12,-42,-519,-669,-41,201,-260,-807,-52,-722
3041,0,-2,-1,0,-5,-0,0,1,1,2,1,-4,5,0,1,0,-1,-1,4,-0
3054,0,0,0,0,0,0,0,0,1,1,0,-4,-1,0,0,0,0,1,-0,0
3094,0,0,0,-0,0,0,0,-0,1,1,-0,-31,31,0,-0,-44,0,-24,2,0
3189,114,-127,-30,304,-82,167,-156,-107,820,202,206,45,-188,-416,-290,292,124,-10,-163,-197
3257,0,-1,0,0,-1,12,0,-4,1,0,0,1,0,-100,0,0,0,0,-36,0
3413,2,-5,-11,34,-0,-27,38,30,52,-37,-29,53,-32,-282,-31,46,-40,-175,-230,-69
3443,2,30,-17,-45,94,105,2,-217,75,-21,32,13,-39,-176,-62,208,-18,-79,-30,-97
3530,0,-4,8,13,6,0,-0,1,-29,-111,-1,-8,-30,-25,-2,9,-20,-29,-49,-56
3532,22,2,7,14,15,-13,-6,7,-13,32,-5,9,-51,-60,32,-0,-4,0,-36,-29
3536,0,0,0,0,0,0,0,-1,1,0,0,0,0,0,0,0,0,0,0,0
3545,13,-16,-34,-154,92,2,6,56,12,-48,-134,-1,247,-367,95,111,-163,-343,-166,-459
3583,0,0,0,0,0,-8,0,0,1,1,0,0,0,0,0,0,-7,-8,3,0
3588,1,1,2,1,2,-8,2,11,-2,-89,0,2,-1,0,-4,2,2,-4,-54,0
3686,0,0,0,0,0,0,0,0,0,0,0,0,0,0,0,0,0,0,0,0
3711,339,196,510,319,-323,45,-56,-72,354,438,-243,73,-764,-1011,-6,362,-88,-195,-368,-945
4919,388,362,170,122,238,-305,-166,385,537,-443,237,-151,-151,-618,803,1,-178,58,-102,24
4952,0,0,2,0,0,-2,0,0,3,1,-0,1,0,0,0,0,0,-10,2,0
4961,-59,-3,14,-14,-26,-46,-122,-8,67,36,296,27,-7,-48,53,-39,-182,-28,141,-34
4967,2,-18,11,-27,-16,-13,-12,15,-28,23,-43,-103,35,56,-127,70,-72,-15,-121,-25
4968,-6,-36,20,16,27,-17,6,-29,23,80,18,3,-5,-33,-34,54,71,34,129,-71
5269,1,-95,12,19,12,-48,-20,55,81,20,10,-19,25,-20,-8,8,7,-5,-23,-24
5285,95,-8,9,22,22,0,0,-9,-3,-11,-5,-11,-28,-42,-2,-40,-31,-157,-66,-34
5471,-89,147,-42,88,29,-12,-103,119,26,-54,-17,17,-46,-119,-207,206,-24,-11,-199,-228
6202,9,-10,-16,63,12,-1,-2,-9,34,-19,-7,0,-21,-120,-45,25,46,-12,-98,-173
6239,8,-52,22,9,24,-9,-26,25,12,-55,-3,82,-107,-117,-9,3,-9,-41,-124,-203
6243,0,0,0,0,0,0,0,0,0,0,0,0,0,0,0,0,0,0,0,0
6257,6,-13,-1,-2,-52,-47,-95,49,192,-263,-197,107,-449,-227,-140,309,24,40,19,-404
6271,81,-49,-3,62,34,-11,1,-39,31,-122,-40,-101,-64,-137,-84,127,-9,-75,-142,-169
6515,0,0,0,0,0,0,0,0,-1,0,-1,-12,-2,-3,0,-4,0,0,0,0
6531,-4,-30,-16,112,59,58,27,-40,91,-125,-31,-54,87,-34,-20,82,-60,-26,-40,-84
6533,36,0,-23,-5,61,14,-24,-43,-1,54,11,-40,-3,-1,-31,41,24,-56,53,12
6552,0,1,0,0,0,0,0,0,1,1,0,0,-5,0,0,1,-1,-1,2,0
6756,-1,1,-2,6,1,1,-0,-1,5,-3,0,-2,-45,-23,-17,6,-6,21,-19,13
8016,52,2,-40,112,107,8,-134,154,24,-37,-48,3,-103,-121,-297,398,-142,-224,-228,-144
8028,0,-2,0,1,-9,0,0,0,1,-7,2,0,-3,-6,-29,26,-31,-1,-19,-31
8081,-6,14,0,-2,25,1,-6,2,56,45,14,0,-22,-70,-18,15,10,-30,-13,-41
8110,76,-5,21,80,66,1,1,1,-6,-133,10,-35,-122,-177,-39,87,-3,24,-13,57
8131,-1,-3,9,0,0,-2,-5,-2,-65,6,-52,-92,10,23,10,1,-1,144,9,0
8150,23,12,-69,275,-9,-1,-4,-38,36,-136,-225,118,70,-338,-138,324,-189,-8,-237,-145
8261,0,4,-2,-5,-10,0,0,19,1,9,1,1,9,0,0,0,0,0,1,-55
8271,0,0,-0,0,0,0,0,0,0,5,-9,1,10,0,0,0,0,0,0,0
2301,42,105,173,69,475,13,196,136,370,1182,259,888,1391,1627,-199,344,1181,1008,531,-1681
2305,0,0,-0,0,0,-2,-0,-1,4,2,0,1,1,1,0,1,-1,-1,1,0
2324,-45,178,372,40,581,236,91,188,300,1970,532,1209,3248,1716,-273,-397,1027,1682,1158,151
2331,-176,180,-34,-1,-51,-29,-276,-139,6,-181,-156,515,-523,-479,-3,31,-370,434,-309,-413
2352,218,1075,-212,656,1409,247,885,267,595,-1637,-1376,81,-2265,-280,-454,1200,608,-398,-983,-655
2353,84,-588,1328,361,119,380,-1025,892,2464,-1900,-1033,-1576,-2447,-2864,1171,-528,740,-163,-2961,-2171
2356,-19,190,597,50,612,201,253,137,196,2010,622,1192,1248,1704,91,151,639,1390,1308,255
2357,-18,-27,64,15,106,-32,-91,463,158,152,27,33,522,-366,48,292,598,251,230,75
2362,-2,-4,14,0,-0,-0,0,20,6,27,1,-27,29,-1,0,1,-1,-6,15,0
2364,0,0,0,0,0,0,-7,-5,0,0,0,0,0,0,0,0,0,0,0,0
2365,0,-2,0,0,-1,0,0,1,3,4,-2,-26,65,0,0,0,0,-0,4,1
2376,93,81,-25,60,14,-118,-194,-116,133,413,445,-190,28,-44,596,159,-82,-85,366,24
2377,-15,58,90,20,127,27,-79,-118,-76,31,50,177,130,-803,740,190,-751,-677,1043,463
2380,0,0,0,0,0,0,0,-1,1,0,0,0,0,0,0,0,0,0,0,0
2382,339,101,762,401,256,117,242,252,177,775,144,625,2080,468,235,26,1375,446,1311,438
2387,-1,-2,3,8,1,-1,0,1,-8,6,6,46,20,-62,-15,-0,11,-16,-40,-8
2395,0,-7,12,0,-1,-2,-2,6,4,29,-7,-10,5,-13,1,1,-4,-28,26,-4
2397,-1,0,3,0,-1,0,0,1,0,1,-3,0,-2,-2,-1,0,0,-7,14,0
2399,-1,-1,0,0,-1,0,0,1,0,0,-1,0,0,-6,-0,0,0,-13,0,0
2405,0,0,0,0,0,0,0,0,0,0,0,0,0,0,0,0,0,0,0,0
2417,-53,19,128,-12,-2,123,-258,-9,143,236,118,22,41,-99,-5,1,0,-29,-117,-62
2424,0,0,0,0,0,0,0,0,0,0,0,0,0,0,0,0,0,0,0,0
2425,0,0,0,0,0,-11,-0,0,1,1,0,-34,35,-0,0,0,-0,0,0,0
2442,0,0,0,0,0,0,0,0,2,3,6,2,0,23,0,1,11,-2,3,0
2465,1,0,-2,0,0,2,0,0,0,0,-30,5,0,15,0,0,0,0,0,0
3002,0,0,0,0,0,0,0,-1,3,1,1,-1,0,0,1,0,0,0,1,0
3005,-52,-34,38,2,106,41,28,5,48,365,61,203,192,340,-1,4,152,251,265,62
3013,0,0,0,0,0,0,0,-1,2,2,1,0,0,1,0,0,0,0,3,0
3017,-45,769,184,29,-80,190,157,-4,458,-182,107,-481,-1835,-697,49,656,-208,631,-96,-10
3022,3,-1,4,1,-0,0,-0,3,4,3,-2,1,-7,-11,-1,15,-4,-12,-2,-56
3046,0,0,0,0,0,0,0,0,0,0,0,0,0,0,0,0,0,0,0,0
3057,0,0,0,0,0,0,0,0,0,0,0,0,0,0,0,0,0,0,0,0
3060,0,-1,0,0,-7,0,0,0,2,101,70,401,681,70,0,0,106,-106,1,335
3231,480,112,304,63,448,-1236,89,-46,328,1328,442,1276,1095,1516,40,193,585,1359,1597,-75
3416,0,0,0,0,0,0,0,0,2,9,0,1,75,95,0,15,0,0,1,0
3494,0,0,0,0,0,0,0,0,0,0,0,0,0,0,0,0,0,0,0,0
3515,-28,-8,92,6,5,-0,-9,14,9,-41,-8,-8,-78,-145,-64,85,1,-165,295,85
3701,0,0,0,0,0,0,0,0,0,0,0,0,0,0,0,0,15,0,0,0
3706,-5,30,-4,-49,161,10,39,-101,33,-140,-95,3,-101,-154,46,7,-18,11,-97,-200
3712,-1,-2,0,0,-4,0,0,2,2,5,1,-1,-1,-6,0,1,-2,-6,4,1
4916,0,0,0,0,0,0,0,-1,2,1,0,-9,9,0,0,1,0,0,0,0
4938,3,62,158,42,287,-531,30,388,114,873,149,781,1713,751,-185,275,573,612,999,-483
5258,0,0,0,0,0,0,0,0,0,0,0,0,0,0,0,0,-17,0,1,0
6117,0,0,0,0,0,0,0,0,0,0,0,0,0,0,0,0,-4,0,11,0
6128,0,0,0,0,0,-16,0,-3,0,0,0,6,2,0,0,0,0,-1,1,0
6166,0,-2,5,0,-1,0,0,1,3,3,-12,1,-14,-4,-18,0,-10,-1,-1,0
6172,0,0,0,0,0,0,0,-0,0,-2,0,2,0,0,0,1,-0,-1,0,1
6206,0,0,3,0,0,-48,0,-4,-99,2,0,1,-2,2,1,0,0,-1,-1,0
6230,-3,-4,0,1,1,0,0,1,5,2,0,-2,-12,-12,-1,2,0,-1,-1,-1
6235,0,0,0,-0,0,0,-0,0,1,2,0,0,1,1,0,0,0,-1,3,1
6277,-1,0,0,0,-1,0,0,0,1,1,0,1,-4,7,6,1,-1,-1,1,0
6414,-5,-6,0,10,-1,-1,31,80,0,-22,-5,11,11,-50,12,18,-1,-5,-13,-35
6579,0,0,3,-2,0,0,0,-2,0,1,0,1,0,0,0,1,0,0,2,0
6669,-3,2,-13,50,5,3,-34,1,35,-19,-14,5,-7,-35,-19,21,-33,-27,48,-16
8114,0,-2,-0,-1,-3,0,-0,0,1,1,0,0,0,-0,0,1,0,0,0,0
8163,-4,-3,4,7,-3,-14,-14,3,9,-40,-65,0,-90,-158,-41,245,-26,-24,-92,-58
8210,0,-2,0,0,0,0,0,2,14,8,0,1,0,-3,2,0,-2,-6,0,-3
9912,0,0,0,0,0,0,0,0,0,0,0,0,0,0,0,0,0,0,0,0
2323,-14,-2,4,21,-10,7,119,-551,15,-47,-79,32,-403,-410,542,194,-67,-89,69,-44
2340,399,-70,-10,27,182,-2,17,-183,-20,-75,61,-25,-57,-521,215,116,163,-9,-245,-135
2349,0,0,0,0,0,0,0,0,0,0,0,0,0,0,0,0,0,0,0,0
2374,0,-3,0,0,-1,0,0,1,3,7,-7,-105,107,1,0,1,0,-1,13,0
2393,-10,-47,329,-8,140,-27,-38,-16,122,-13,-17,-19,-79,-229,-114,82,-37,-100,-326,57
2406,0,0,0,0,0,0,0,0,0,0,0,0,0,0,0,0,0,0,0,0
2409,6425,-567,5050,7732,4291,-815,-7417,3919,2320,-2883,-1977,-1675,-9491,-8727,-3053,9737,-4917,-1545,-4525,-16795
2426,55,-3,-45,6,-0,-50,12,-12,-25,-36,5,-17,0,-49,-90,212,4,4,-21,10
2438,0,0,0,0,0,0,0,0,0,0,0,0,0,0,0,0,0,0,0,0
2466,-1,0,0,-2,-1,-8,0,0,0,0,0,0,8,8,0,0,0,0,0,0
2486,20,0,0,0,0,30,0,20,42,2,0,1,0,1,0,0,0,-20,-92,0
2489,55,-56,13,138,108,-20,-199,-97,51,-195,-28,-271,-1846,-2118,-85,217,-237,-723,578,-855
2491,0,0,0,2,-0,0,-0,0,1,-0,0,-15,16,0,-6,0,6,-8,1,0
3008,1,-4,-1,3,1,4,-1,-3,-68,12,54,8,-8,-28,-39,2,-1,-9,6,-20
3019,76,-55,44,83,33,64,-132,270,115,-164,-98,-130,-289,-303,194,18,3,-70,-548,-401
3024,0,0,0,0,0,0,0,-1,1,0,0,0,0,0,0,0,0,0,0,0
3031,0,-3,-5,0,-16,0,0,-0,2,2,0,6,1,0,0,0,0,-1,5,2
3038,-0,-2,4,0,-0,0,0,-0,2,3,-1,-0,1,-0,1,0,-2,-13,-3,0
3049,19,-1,22,146,-85,43,-109,173,-117,-492,57,25,-626,-671,0,185,14,102,-1056,-600
3050,0,-1,0,-0,0,0,0,2,0,-25,-25,1,-5,0,0,0,0,-48,1,-0
3051,0,0,0,0,0,0,0,0,0,0,0,0,0,0,0,0,-1,0,-5,0
3059,-112,6,119,108,-93,87,155,35,87,-189,151,-59,-437,-607,-184,405,-539,425,-363,-1016
3149,0,0,0,0,0,0,0,0,0,-41,41,0,-60,-1,54,0,7,0,-5,-30
3356,0,-1,0,0,-0,0,0,-1,3,1,3,-33,32,0,0,0,0,-1,5,0
3383,0,0,0,0,-6,0,0,0,0,0,0,0,0,0,0,0,0,0,0,0
3406,-112,-70,48,46,181,-35,18,-107,56,-19,-1,69,-54,-334,-92,86,-29,-93,-93,-386
3437,0,0,0,0,0,0,0,0,1,5,0,1,5,0,0,0,0,0,0,0
3454,0,-0,0,-0,0,-6,0,0,0,1,0,0,0,-11,0,1,-10,-10,-10,0
3481,5407,1992,-1960,2855,7215,-642,-9719,5133,2431,-5051,-3830,-4308,-14025,-15110,-2785,19151,-7799,104,-8397,-20795
3504,-3,-19,29,-26,-1,42,0,1,2,-8,-6,-3,9,-31,-7,6,-6,3,-33,-48
3535,-1,0,0,0,-0,-1,-0,0,6,1,-1,-32,96,0,0,1,-1,-1,2,1
3543,0,-1,5,0,0,0,0,0,0,1,0,-38,27,7,0,-1,-2,-3,12,4
3563,0,0,3,1,-3,6,-15,-2,20,-11,0,0,-17,-16,-2,3,4,-7,2,-6
3576,0,0,0,0,0,0,-0,-0,0,-0,0,-0,0,0,0,0,-1,1,0,0
3591,0,0,3,0,0,0,0,0,1,2,0,0,4,-1,0,-21,-1,-4,-13,6
3622,0,-1,0,-0,-1,0,-0,1,1,3,-2,1,-0,-4,-0,0,-0,-0,2,0
3669,1,-18,13,-75,-1,12,-82,-80,189,60,73,3,7,-15,-43,54,-89,100,-12,-12
3714,3,-21,25,-1,1,10,-196,5,7,11,-12,-12,-665,-24,-385,2,-137,-21,-502,-180
4934,0,0,0,0,0,0,0,0,0,0,0,0,0,0,0,0,0,0,0,0
4942,8,0,0,0,4,-20,6,0,-24,2,-2,-13,4,1,4,-21,0,-13,0,0
4956,0,-1,0,0,-1,-0,-0,1,1,2,-2,-39,52,0,0,0,0,0,1,1
4960,0,0,0,0,0,-32,0,0,6,6,1,3,1,1,0,1,-1,-46,11,0
4976,72,-50,0,69,0,0,0,-0,1,1,2,-5,-200,-3,-16,15,0,-1,-83,-113
5234,-1,0,3,0,-1,0,0,0,1,1,2,0,6,5,-6,10,7,-1,4,5
5484,0,0,0,0,0,0,0,0,0,0,0,0,0,0,0,0,0,0,0,0
6116,1923,689,-686,1163,1670,1045,-121,226,159,-3735,-244,592,-888,-1411,17,1054,-2334,-1756,-546,-3524
6120,0,-4,-2,2,1,-5,-35,14,-139,-17,0,-3,-5,-80,63,-10,6,-7,-129,-119
6131,0,0,0,0,0,0,0,0,0,0,0,0,0,0,0,0,0,0,0,0
6164,0,0,-0,0,0,0,0,0,1,2,0,-1,0,1,0,1,-1,0,2,1
6168,0,-2,5,0,0,0,-0,0,3,4,-4,-68,60,-1,0,0,-1,-6,-74,-86
6176,1,60,57,101,99,108,84,-18,130,280,106,243,464,247,-62,39,170,196,223,135
6209,0,-1,7,0,-1,0,0,-0,2,3,-3,1,0,-4,0,0,0,-1,14,1
6225,0,0,0,0,0,0,-1,0,0,0,0,0,0,0,0,0,0,0,0,0
6226,-1,0,0,-0,-50,0,0,-1,-102,-1,-44,-1,49,1,0,1,-1,-2,3,0
6278,45,-26,334,27,410,-1,-225,-245,267,-347,-56,4,-217,-511,-18,249,141,1,-258,-467
6289,0,0,0,0,0,0,0,0,0,0,0,0,0,0,0,0,0,0,0,0
6405,0,0,0,0,0,0,0,-1,-3,2,-22,-1,21,6,0,-4,-1,0,6,0
6443,0,-4,0,0,-1,-15,15,0,-18,0,0,-4,2,-14,0,0,-2,-23,-4,27
6477,3,6,2,-2,8,25,-1,-5,-68,-5,24,-42,-20,-65,-16,-60,75,-33,-71,32
6668,0,-1,2,0,0,-0,0,0,1,0,-1,0,-2,0,0,-9,-10,-24,0,-4
6706,98,-12,3,70,63,6,1,-24,51,-90,10,11,-160,-130,-83,214,-19,-13,-105,-97
8104,0,-1,0,0,-6,0,0,0,1,0,1,0,0,0,0,1,-1,0,1,0
8105,0,-5,0,0,-24,0,0,41,2,2,10,0,0,0,0,0,0,-44,0,0
8215,-8,-13,10,-2,2,0,2,19,-3,-16,-17,-84,-92,-131,-2,39,-44,-0,-156,-164
2314,60,12,-36,82,26,0,38,131,-10,-48,-40,-101,-137,-201,-92,162,45,10,-366,-244
2321,0,0,0,0,0,0,0,-1,0,0,0,0,0,0,0,0,0,0,1,0
2332,33,-20,-69,108,32,-73,-14,-33,37,-128,-58,-65,-125,-456,-199,193,5,-342,-481,-609
2345,4,-14,-33,-36,80,2,-12,-24,82,-2,-2,-8,-1,-128,-26,1,28,-60,-62,-170
2412,-15,-50,143,0,-1,306,186,218,472,490,90,306,214,-352,-40,4,-10,-138,287,-5
2419,0,0,0,0,8,-8,7,-1,4,0,1,-32,4,-6,-2,2,-11,-2,6,-4
2439,4,7,9,-7,18,14,1,3,-18,-33,-30,-59,19,-53,-2,21,66,-20,10,-64
2444,0,0,0,0,0,0,0,0,0,0,0,0,0,0,0,0,0,0,0,0
2450,-1,-1,13,0,0,0,0,6,5,17,1,0,-1,2,0,0,0,2,3,0
2455,19,114,-58,105,-9,54,-26,-165,19,-120,-134,-55,-169,-205,-143,217,-69,-442,37,-61
2485,0,0,-8,-8,14,-16,-44,-239,2,-2,-45,-14,-157,-112,-59,193,-363,-157,-354,46
2498,137,165,389,73,245,-47,173,-581,133,-646,-545,-302,-316,-1179,-154,860,-101,-150,-730,533
3025,0,-1,0,0,-19,0,-0,0,1,0,0,-1,2,2,0,0,-0,-2,1,-0
3027,0,-0,0,-0,-21,0,-0,0,0,-0,0,-2,2,0,0,0,-0,-0,0,0
3045,19,-13,66,0,58,115,-9,14,36,-182,-49,-255,277,-150,4,2,-21,-68,201,158
3047,0,0,0,0,0,0,0,-1,3,3,1,1,-0,0,0,0,-80,78,6,1
3062,-0,-3,-0,-0,-14,0,17,-1,3,4,1,2,-0,0,-0,-0,1,-1,7,0
3138,0,0,0,0,0,0,0,0,0,0,-1,0,0,0,0,10,0,-18,-33,0
3311,-1,0,0,0,-19,0,0,-0,1,-0,0,1,0,0,0,0,0,0,1,0
3380,12,32,13,26,2,-14,-24,-63,38,-97,4,-17,-486,-295,-176,228,-101,-116,-285,-73
3419,0,0,0,0,-0,-2,0,1,1,3,-1,-1,-3,0,0,0,0,-15,2,-0
3596,-18,59,12,9,32,-7,5,-26,42,1,-45,-17,50,-30,-15,-14,28,-27,-166,37
3682,0,0,0,0,0,0,0,-1,1,0,0,0,0,0,0,0,0,0,0,0
3694,-1,-1,0,0,0,0,0,1,1,3,-3,-3,0,0,0,0,0,0,19,0
3704,29,0,-17,78,5,-2,-25,-3,41,-95,-5,-134,-327,-371,-208,152,-125,30,-235,-303
4904,-10,18,60,0,14,0,1,-32,58,-124,-49,-66,111,-48,65,43,-21,-68,111,46
4906,42,5,16,-1,19,0,64,-4,-15,-45,-32,-29,-121,-148,-286,194,41,10,-199,-138
5388,1,-2,-5,3,-5,8,-2,8,34,-14,8,-5,-19,-26,-122,10,-1,0,-96,-58
6136,0,0,0,0,0,-2,0,1,0,4,-2,3,-6,1,-10,9,-1,-5,17,0
6142,0,0,0,0,0,0,0,0,-50,450,50,0,400,100,0,0,0,0,0,0
6152,0,0,0,0,0,0,0,0,0,0,0,0,0,0,0,0,-8,0,0,0
6216,0,0,0,0,0,-46,0,-2,-65,0,-9,3,9,0,0,1,0,0,3,0
6285,3,-1,20,25,-6,-6,-11,26,19,5,-28,-6,-12,-72,-2,23,-19,2,-51,-60
6416,0,-2,7,25,22,1,-2,-62,-26,-35,-83,-81,-47,-13,-45,84,-15,-19,-41,-94
6426,0,0,0,0,0,0,0,0,1,0,-6,-1,-4,-1,0,0,0,-5,-3,0
6442,1,0,0,0,0,1,0,0,1,1,-4,0,1,0,0,0,-1,0,3,0
6674,0,-10,0,0,0,0,-3,-3,2,0,1,0,0,0,0,0,0,0,10,-2
8011,0,-0,0,0,0,0,0,0,2,2,0,-7,9,0,0,0,-1,-1,4,1
8101,0,0,0,0,0,0,0,0,0,0,0,0,0,0,0,0,0,0,0,0
1471,0,0,0,0,0,0,0,0,0,0,0,0,0,0,0,0,0,0,0,0
1582,1,-1,3,3,0,0,0,-0,5,1,0,1,-12,-8,0,1,1,0,1,2
2059,-4,-1,8,15,-3,0,1,-0,5,-9,-2,-24,35,-16,15,0,1,0,9,-2
2308,-66,14,68,45,-18,-16,-15,-86,172,115,-177,58,-374,-298,-127,161,-96,-347,-285,-125
2313,78,19,-40,220,31,-38,-10,-18,87,-119,-24,50,-315,-344,-311,422,-253,-398,-298,-452
2316,0,0,0,0,0,-20,0,0,2,1,1,1,0,0,0,0,0,0,2,1
2327,132,-83,-45,90,163,-80,-37,109,263,-202,171,30,-392,-721,-462,526,31,-110,-399,-371
2328,189,-58,-567,519,-121,493,-98,56,81,-319,-429,248,-405,-351,-1344,973,478,22,-424,-454
2355,11,-18,106,-4,9,4,10,-183,7,-12,-41,-8,-106,-145,-16,-13,-38,-8,-142,-143
2367,15,25,-36,116,-23,9,-99,78,14,-124,-9,-177,-253,303,14,53,31,-2,-145,-104
2368,-258,140,-271,484,608,5,-35,-322,716,9,304,-932,14,-821,191,-1,-74,-143,-387,-433
2375,-59,163,85,130,44,9,-15,11,94,-75,12,-20,-196,-217,104,121,-8,-132,-416,-528
2383,-6,4,-1,32,11,-67,-18,-15,89,-5,2,-6,-140,-135,-47,70,4,-35,-212,-15
2385,1,468,-317,-1023,133,49,43,20,40,453,143,74,361,402,-13,5,169,309,269,92
2392,-1,-8,14,6,-4,0,-3,101,-40,-24,-3,-4,-121,-82,8,87,28,-5,-56,9
2402,-1,-2,7,0,0,-4,-1,1,3,4,0,-6,-2,-2,0,-1,-7,-11,0,1
2413,0,0,0,0,0,0,0,0,0,0,0,0,0,0,-0,0,0,-20,0,0
2415,0,0,0,0,0,-14,-0,0,0,0,0,0,-0,0,0,0,0,0,0,0
2420,0,0,-0,0,0,0,2,12,2,25,0,1,2,-0,0,0,0,0,2,0
2421,-1,-3,6,2,-1,0,0,2,2,-1,-2,-6,-6,-10,-6,-16,-5,-13,-82,-40
2428,23,-9,-1,-3,-7,18,0,-5,9,-5,-6,8,-6,-17,-24,9,10,-56,-27,-30
2429,0,0,0,0,0,0,0,0,0,0,0,0,0,0,0,0,0,0,0,0
2431,0,-0,-0,0,0,0,0,0,1,1,-27,-9,36,0,0,0,0,-0,0,0
2440,0,0,0,0,-5,0,0,0,0,0,0,0,0,0,0,0,0,5,0,0
2456,-54,102,119,54,-3,-3,-22,-5,73,-82,-30,14,-120,-307,-190,223,-78,-30,-235,-165
2457,-0,-3,-1,1,-1,-0,1,1,-11,3,-1,2,-2,0,-0,-114,-159,-25,-36,0
2460,12,-1,8,0,25,0,-0,0,0,-6,-48,0,32,-10,-7,-55,-12,-108,-15,-15
2462,0,-5,0,-130,-4,-216,0,0,1,1,0,1,0,-0,1,0,0,0,-0,0
2467,0,-1,5,0,-1,0,0,4,1,6,0,1,0,0,0,0,0,-10,2,0
2472,-0,-9,-2,2,15,8,2,3,-11,-8,3,-13,-8,-42,-37,55,-14,-27,-31,-43
2476,-2,-1,50,0,0,0,-0,19,10,50,2,1,0,0,0,0,0,-18,3,0
2478,3,-14,-11,45,1,-2,-2,-2,7,-0,-3,4,-9,-75,2,61,-2,-1,-26,-21
2483,0,0,0,0,0,0,0,0,1,2,0,-35,36,0,0,0,0,0,1,0
2484,0,-1,0,-0,0,-2,-0,2,1,3,-2,-26,33,0,0,0,0,-24,1,0
2492,43,-55,-55,90,64,19,-29,-47,105,-144,-81,-24,-200,-254,-593,456,132,-230,-98,-372
2493,0,0,0,0,0,0,0,0,1,2,0,-20,20,0,0,0,0,-15,3,0
3003,135,-9,128,14,-17,-11,-110,79,237,-110,-33,-12,-81,-257,-65,122,52,46,-317,-89
3011,0,0,0,0,0,0,0,0,0,0,0,0,0,0,0,0,0,0,0,0
3015,3,0,0,4,0,0,0,20,2,14,-1,-7,-39,-16,-5,-7,-36,26,-25,-121
3021,0,0,0,0,-7,0,0,0,1,1,0,0,1,0,0,0,-0,-0,0,-10
3023,1,-7,-19,16,4,2,-5,3,5,2,-21,-6,-12,-22,-33,-30,45,-20,-24,-20
3026,0,3,-8,33,-3,-141,7,126,50,-57,-7,3,-49,-139,-68,215,22,-53,193,18
3032,0,0,0,0,0,0,0,0,-45,1,0,1,0,0,0,0,0,0,2,1
3037,419,-471,-280,485,1253,373,-706,-233,1268,-433,935,-590,-2275,-1782,-328,866,1783,-1022,-1198,-733
3042,-101,127,15,645,91,113,-268,-304,798,-418,-303,-322,-1472,-699,253,505,-242,-289,-981,-571
3044,-1,28,161,11,92,36,8,12,32,305,95,214,303,490,498,90,200,390,627,182
3058,0,-2,-0,0,-15,0,0,1,1,1,-0,-52,53,1,0,0,-1,0,0,0
3090,0,-6,4,9,-1,0,0,-6,-2,-24,-22,-29,-55,-89,-44,203,-1,-1,-131,-223
3092,-13,32,-25,6,71,-51,4,64,35,-109,-29,-160,-418,-104,-105,317,2,59,-71,-170
3229,0,0,0,0,0,0,0,0,0,0,0,0,0,0,0,0,0,0,0,-1
3296,0,0,0,0,0,-0,-0,0,1,1,0,1,0,0,0,0,0,0,1,0
3308,0,0,0,0,0,0,0,0,0,0,0,0,0,0,0,0,0,0,0,0
3321,0,0,0,0,0,0,0,0,0,0,0,0,0,0,0,0,0,0,0,0
3338,0,-2,0,0,-3,0,0,-0,1,1,0,1,0,-17,0,0,0,-5,-8,-26
3376,4,-8,5,-34,-38,4,-6,35,2,-2,-22,87,-137,-70,-7,-0,-152,-37,-131,19
3432,0,0,0,0,-1,0,0,-9,3,15,1,0,10,1,-3,1,0,0,0,0
3501,0,-1,-0,0,0,0,0,-1,2,2,-2,1,-1,-4,0,0,8,-2,3,0
3533,50,5,56,-116,-32,16,2,-7,23,-9,3,-80,-5,4,120,41,8,-10,41,-37
3550,0,0,0,0,0,0,-7,0,-99,1,-83,0,-1,6,0,-4,3,-139,-17,-5
3593,0,0,0,0,0,0,0,0,0,0,0,0,0,0,0,0,0,0,-4,0
3605,0,0,0,0,-0,-8,0,0,1,1,0,1,0,4,0,0,0,-1,2,0
3607,0,0,0,-0,0,0,0,-1,2,2,0,-47,49,0,0,1,-1,-2,3,0
3645,0,11,0,0,0,-0,0,-0,1,-34,-5,-2,-17,-25,-8,0,-2,0,-13,-5
3653,46,-31,-28,79,-10,-19,-24,-74,187,12,-35,112,-45,-101,53,161,-81,50,-115,-76
3679,0,-1,0,33,11,-1,-2,6,-26,2,0,1,4,-2,0,2,0,-4,4,14
4545,0,0,0,0,0,0,0,0,0,0,0,-3,3,0,0,0,0,-1,4,0
4915,-31,-3,-78,87,29,-1,-23,-19,94,-59,-72,58,-95,-176,-18,-7,16,-1,-336,-121
4989,0,0,-50,130,41,0,0,0,2,1,-332,-134,-8,265,188,-2,24,-388,-46,-1277
4999,0,-1,0,0,0,-1,0,-8,-86,2,-5,-8,33,-5,0,0,0,0,6,0
5469,-4,-39,-40,122,0,-17,-35,34,-81,-46,-81,14,-77,-162,-166,127,5,10,-197,-221
6108,0,0,0,0,0,-15,0,-2,0,3,0,-1,3,1,0,1,0,0,2,0
6115,0,-1,0,0,-1,0,0,1,2,4,-1,-1,2,-9,0,0,0,-3,4,0
6133,0,0,0,0,0,0,0,0,1,2,-37,-1,39,1,0,1,-1,-2,3,0
6141,0,0,0,0,0,0,0,0,1,2,-4,-50,50,1,0,-4,0,0,2,0
6153,33,-20,-9,22,-98,307,-157,-157,99,-22,-53,-37,-389,-406,-212,552,-34,48,-370,-595
6155,0,0,0,0,0,0,0,-1,2,1,0,1,0,0,0,1,-1,0,1,0
6165,0,0,0,0,-1,-20,0,0,0,0,0,0,3,0,0,0,0,0,5,0
6191,54,67,-63,226,-6,10,-23,139,53,-191,-99,-12,-127,-354,-293,288,-302,50,-829,205
6197,0,0,0,0,-1,1,0,-0,2,1,0,-50,52,0,0,0,0,-1,3,0
6205,0,0,0,0,0,-65,0,-1,-101,-3,-1,1,2,0,0,-1,0,0,3,0
6213,-4,-3,-2,-161,2,-1,-30,-68,135,24,75,-49,-126,-250,-75,7,-213,-573,-143,-302
6224,22,-1,-23,26,-1,15,-5,-19,-5,-11,-34,-19,-154,-44,-20,26,39,-59,-93,-120
6251,0,-3,0,-0,-9,0,0,0,-0,0,0,0,0,-2,0,0,-1,-5,8,0
6269,5,-58,1,12,85,-14,-21,-4,114,-213,-11,15,-262,-76,39,-17,265,-60,-162,-109
6282,1,-7,-4,-20,-17,-2,-12,-31,5,-105,-12,-20,-79,-174,29,-172,358,-51,-133,-255
6412,-1,-1,3,0,-2,-0,-0,-1,6,7,-4,-2,-1,-14,-1,0,-1,-37,22,0
6449,0,-1,0,0,-5,0,0,0,1,1,0,0,0,0,-0,0,0,0,-26,0
6715,0,-0,0,0,-0,0,0,0,1,0,0,0,0,0,0,0,0,1,0,-2
8039,-3,4,5,5,-1,0,1,-16,3,-16,-6,1,-47,-36,11,2,35,55,-33,-29
8046,-149,-346,34,167,420,146,-364,-357,760,126,360,-49,-140,-956,529,241,166,-919,11,-396
8103,-1,0,0,0,-1,0,0,1,1,1,0,-1,3,0,0,1,0,0,1,0
8213,19,-1,-3,-3,-4,-2,13,27,36,7,-20,-20,-46,-161,-1,2,-3,-112,-141,-57
8249,0,-1,0,0,-1,0,2,3,5,6,0,0,1,1,0,0,-1,-1,3,0
2347,-53,509,348,-1,278,233,109,685,353,816,467,1245,1569,1112,21,474,363,708,235,111
2414,-1,-1,0,0,-1,-1,0,2,-64,24,52,1,17,0,2,-6,0,0,3,-2
2430,-1,-1,8,0,1,-53,-35,3,-30,15,-34,0,0,18,93,0,0,2,8,6
2459,0,-1,2,-1,0,0,99,7,1,13,0,1,100,0,0,100,0,0,-1,0
3010,0,-2,5,0,0,0,-6,-3,10,-2,20,-13,-65,-76,-12,-8,-2,-11,-51,-3
3028,0,-2,0,0,-1,0,0,4,5,44,1,1,0,0,0,0,0,0,22,0
3033,0,-19,-56,47,32,6,0,65,36,-154,-13,4,-49,-123,72,78,-18,-25,-113,96
3036,-1,-16,14,245,1,4,10,-168,-21,14,-13,-19,-10,-232,69,77,-52,-52,0,15
3048,102,6,-27,-14,-1,-13,-25,9,-59,57,-7,-2,63,-26,-9,-59,4,-80,48,-18
3055,-1,0,-1,0,0,0,0,8,1,1,0,1,1,0,0,0,1,0,1,0
3209,0,-1,0,0,0,0,0,-0,2,3,-2,1,0,-1,0,1,0,0,3,0
3312,0,-1,0,-0,-20,-8,-5,-21,1,32,0,6,34,0,-20,0,0,8,23,18
3528,0,0,0,0,0,0,0,0,0,-1,2,1,0,-1,0,0,0,0,4,0
3702,25,307,75,526,504,170,431,138,133,1056,327,657,600,894,-139,109,218,486,958,157
5434,0,9,14,10,7,14,40,80,269,2,35,1,-52,4,6,0,-1,-15,-19,3
6189,0,-2,-19,-2,-41,0,0,-11,-77,-45,-58,-65,0,-93,0,1,-1,0,3,0
6281,0,-1,0,0,0,0,0,0,1,2,3,-1,7,2,2,2,0,3,9,3
6776,0,0,0,0,0,0,0,0,0,0,0,0,0,0,0,0,0,0,0,0
8070,33,-24,16,25,-35,59,-4,39,98,-101,-77,3,-111,-248,-78,70,-18,-53,-242,-127
8072,0,0,0,-1,0,0,0,-1,2,1,-13,0,12,1,0,1,0,0,1,1
8112,0,-117,-91,-102,-101,-100,-99,-87,-20,8,11,-46,1,-13,-2,1,-1,-17,-6,-7
2427,0,0,0,0,0,0,0,-1,2,3,1,0,0,15,0,0,0,-1,3,0
2453,0,-1,-1,0,0,0,0,0,-67,4,-60,0,-5,0,0,1,0,0,8,0
2468,0,-1,0,0,0,-23,0,0,0,0,0,-8,6,0,0,2,0,-0,0,-0
2471,0,0,0,0,0,0,0,-0,0,1,0,-15,15,0,0,0,0,0,1,0
2480,18,-26,4,-5,0,0,-20,-174,2,-22,33,8,93,41,23,9,0,12,-2,41
3029,0,0,0,0,0,0,0,0,2,6,1,0,0,8,0,0,9,0,3,6
3130,0,0,0,0,0,0,0,0,0,1,0,0,0,-3,-1,0,0,0,9,0
4994,0,0,0,0,-6,0,-1,5,19,1,-6,-15,-2,-5,-6,0,-16,-15,5,-0
5203,-0,0,1,-0,-0,-4,0,0,6,1,0,-2,1,-4,1,1,1,2,-5,-1
6112,0,0,0,0,-1,-1,0,1,1,2,0,-4,5,-23,-10,17,8,2,-33,3
6183,-1,0,0,0,0,0,-2,2,0,2,0,4,1,1,2,0,0,-1,0,0
6214,-1,-2,17,72,12,-2,-2,19,2,38,154,-1,-5,-6,10,-2,1,-10,-14,2
2312,43,89,79,31,-7,-8,-10,13,-25,-489,-82,-381,-641,-569,-82,73,-146,-44,-789,-233
2317,1064,-1875,-226,2068,680,1770,-1058,-1110,5539,-3351,841,373,-4798,-5674,-1658,2483,404,436,-2860,-3329
2354,10,-13,38,82,23,-4,-13,-263,27,12,-50,-101,-23,-79,-33,71,-73,-97,-1230,-1097
2359,-1,-1,0,0,-1,0,0,-2,5,7,1,0,0,0,0,0,0,0,5,-0
2360,-1,-8,2,12,12,14,4,-6,4,-4,4,10,-5,5,-1,1,20,7,34,-21
2373,-1,-1,5,0,-1,0,0,1,-2,2,-1,-1,-0,-10,0,1,0,1,7,-1
2390,0,0,-28,28,0,-30,0,0,2,1,0,-66,68,0,0,1,-0,0,1,0
2404,-8,16,26,1,31,14,10,-5,31,102,35,75,69,104,-10,16,44,156,81,-36
2423,0,0,0,0,0,-15,0,1,0,2,-1,-1,0,1,0,0,0,0,6,0
2433,0,-1,-0,0,-1,-0,0,1,0,5,1,3,-1,0,0,0,0,0,2,0
2461,0,0,10,0,0,0,-0,-1,1,2,0,3,0,-0,0,0,0,-2,5,0
2464,19,-1,-13,8,21,0,-6,3,0,-18,-5,7,-47,-45,-36,-3,-1,-1,-196,-79
2474,30,37,17,2,3,22,-3,-23,14,2,-25,1,-356,-129,5,31,-44,-10,-127,-87
2477,0,-2,0,0,-1,0,0,3,0,-23,-21,-45,1,-11,-2,0,-1,-2,2,0
2482,0,0,0,0,0,-26,0,-1,1,0,0,0,0,0,5,0,-1,-3,4,0
2488,-1,-46,0,0,0,-5,0,0,1,-9,0,-4,-40,16,0,2,0,-1,2,1
2495,1,-3,-2,1,-18,0,0,-1,3,2,6,2,0,1,0,0,1,11,1,-0
3018,0,0,0,0,0,0,0,0,0,0,0,0,0,0,0,0,0,0,0,0
3030,-1,-12,-7,9,-2,3,0,1,-2,-20,0,1,-24,-25,-1,17,-5,-25,-65,-18
3043,0,0,0,0,0,0,0,0,0,0,0,0,0,0,0,0,0,0,0,0
3305,0,0,0,0,0,0,-0,0,-2,1,-5,1,-0,-300,100,-1,299,-12,-268,240
3450,-12,-2,8,28,-0,3,0,0,-3,-10,0,-1,-5,-10,-13,22,-11,2,-52,-16
3518,0,0,0,0,0,0,-0,0,1,1,0,-4,5,-0,0,0,-0,-1,2,0
3617,0,0,2,0,-2,-3,0,0,2,1,2,0,0,0,1,1,-1,-2,-1,0
6139,0,0,0,0,0,-6,0,0,2,-53,1,1,-42,0,0,-7,-4,0,-5,0
6192,0,-1,0,1,0,2,0,-1,-22,1,-19,-1,-9,-2,-1,0,0,-2,-45,0
6196,13,-10,-11,-51,-1,22,26,11,31,-20,-14,1,-21,-145,-34,28,3,79,36,-126
6201,0,0,0,-9,0,0,0,0,1,0,0,0,0,0,0,0,0,0,7,0
6215,0,-0,-6,0,0,0,0,0,1,1,0,6,-23,0,0,0,0,0,2,0
6283,0,-1,-0,0,-1,0,-0,0,1,1,1,0,1,-4,-0,0,0,0,2,-0
6409,0,4,2,0,0,0,0,0,2,0,-1,1,1,-2,-1,2,0,-1,3,0
6438,0,0,0,20,-2,2,-1,1,3,-23,-8,2,3,-162,-15,49,-1,22,-73,-5
6558,0,-1,0,0,-6,0,0,0,1,2,0,-32,31,1,0,1,-1,-1,-20,0
6698,0,0,0,0,-5,0,-0,0,1,0,0,-22,23,0,0,0,0,0,-1,0
6743,-5,-4,-8,10,0,0,-12,3,11,-1,-22,-1,-5,-11,-4,6,-1,-37,-15,-10
8021,0,-1,3,0,-1,0,0,0,2,2,0,5,0,1,0,0,0,0,-3,0
8201,0,0,0,0,0,0,0,0,0,0,0,0,0,0,0,0,0,0,0,0
2616,0,-1,0,0,-9,0,0,0,0,1,-6,-1,10,-8,8,1,-1,0,1,0
6505,-50,-188,147,-25,-129,-6,-284,-281,-10,179,-410,-245,-652,-340,11,228,1478,198,251,-1
8926,11,-10,36,-4,-3,-25,4,2,-119,-4,-9,-3,-15,-8,-21,1,-3,-28,53,6
9908,-2,-2,-1,0,-2,0,0,9,3,28,1,1,0,0,0,1,0,1,8,0
9918,-1,0,0,-0,-1,-1,-3,0,-4,1,0,0,0,-0,0,0,0,-4,0,0
9926,0,-0,0,0,0,0,-2,-11,-8,0,0,10,-6,0,0,0,0,0,1,0
9931,1,2,0,0,0,0,0,0,0,-0,-3,0,-3,0,0,0,0,0,0,0
9937,-1,-1,0,0,-2,0,1,0,3,2,0,-3,1,-10,-4,0,0,-1,6,-12
1316,-0,0,0,0,0,0,-0,0,2,1,0,0,32,48,0,50,0,1,1,-1
1436,0,0,0,0,0,0,-2,-2,-5,0,-12,2,-1,0,0,0,0,-3,3,0
1438,0,0,0,0,0,0,0,0,0,0,0,0,0,0,0,0,0,0,0,0
1442,-1,-3,0,0,0,-1,0,1,3,2,-1,-3,-4,-5,-5,0,0,-7,1,2
1805,0,0,0,0,0,0,0,0,0,0,0,0,0,0,0,0,0,0,0,0
1808,-0,-2,14,-1,0,0,-1,2,4,3,-4,-3,-3,-11,-6,0,-1,-9,40,0
2501,0,-21,46,0,-3,-2,-2,13,-62,9,301,-18,-30,-43,-2,9,-5,-61,26,-10
2504,138,-43,-43,264,-5,332,66,1,99,-246,-112,-205,-150,-89,68,150,-195,201,-254,-195
2505,18,13,58,0,-218,14,-29,15,81,-369,-107,-186,-309,180,36,-37,-100,0,-98,-65
2506,0,0,0,0,0,7,2,20,2,95,1,0,0,-0,0,0,-1,0,5,-0
2509,0,-3,0,0,-15,0,6,0,2,1,-45,1,45,0,0,0,0,-19,1,1
2511,519,488,0,0,0,0,0,19,22,105,285,251,-7,139,0,14,0,1,50,0
2515,123,-88,80,18,11,7,-582,-246,-391,-917,-340,-429,-1814,-660,10,-151,-263,47,-1963,-1086
2516,0,0,0,0,0,0,0,0,0,0,0,0,0,0,0,0,0,0,0,0
2520,-0,-8,19,-5,-16,4,-94,-150,-169,7,-11,63,-15,-103,44,3,-2,-2,-7,19
2524,-1,-2,0,0,-1,-1,0,3,3,4,-4,-3,-10,1,-21,0,-2,0,4,0
2527,0,-5,0,0,8,0,11,3,111,0,1,-1,3,-12,0,1,0,0,0,0
2528,0,-1,0,-24,-1,0,0,0,0,0,-28,-62,0,0,0,0,-0,0,0,0
2530,0,-6,0,0,-12,0,0,1,2,2,0,-1,5,1,0,0,0,0,1,1
2534,-1,39,0,0,-2,0,0,1,2,5,-7,-5,1,-14,0,0,-2,-8,56,0
2535,0,-3,0,0,-2,5,4,-9,-7,0,0,28,0,-14,26,4,12,2,-19,-29
2536,-1,-2,0,0,-10,-0,0,-2,3,1,0,0,0,-2,0,0,0,0,8,1
2537,-1,-2,0,0,0,-2,0,1,5,4,-108,-5,347,2,0,1,0,0,1,1
2538,-1,-3,0,0,-2,0,0,5,-2,22,1,1,2,2,0,1,-1,-1,6,0
2539,0,-0,0,0,0,0,0,36,4,25,0,0,4,1,0,0,-1,0,4,0
2540,0,0,0,0,-0,0,0,2,-0,0,-3,0,0,0,-3,0,0,0,0,0
2542,-5,62,176,21,223,77,94,56,145,732,210,770,261,605,-226,381,432,702,436,70
2543,0,0,0,0,0,0,0,0,0,0,0,0,0,0,0,0,0,0,0,0
2545,-1,-2,0,0,0,-2,0,3,3,3,-5,0,0,1,0,0,0,0,2,0
2546,0,-1,0,0,-7,0,0,0,1,0,1,0,4,0,0,0,0,0,0,0
2547,0,-21,-9,-0,0,-18,0,13,-599,4,1,-23,-15,-55,22,1,-2,3,-82,-58
2548,-7,-1,11,-0,-1,-0,-1,-0,7,3,-3,-5,-11,-11,-1,-3,-3,-1,1,9
2597,0,-1,2,-35,0,0,0,0,36,0,1,-1,-2,-2,-2,0,-15,-2,4,-1
2841,0,0,0,0,0,0,0,0,0,0,0,0,0,0,0,0,0,0,0,0
3052,0,-2,0,0,-1,-0,0,1,3,3,-2,-2,50,0,0,1,-1,-1,18,0
3056,0,-2,0,0,-1,-2,2,0,-40,-3,-11,0,15,-15,15,0,0,0,-13,-15
3266,0,0,0,0,0,0,0,0,3,2,-18,0,18,0,0,1,0,0,2,-0
3703,-13,20,-23,19,-102,504,-3,-22,-230,-140,-94,-55,-210,-65,288,-9,53,40,5,-241
5515,0,0,0,0,0,-0,0,-0,2,1,1,-3,-8,1,0,0,-1,-23,1,-7
5519,0,0,0,0,0,-27,0,0,-72,1,-69,0,-19,2,0,0,0,0,2,0
5521,-0,0,0,0,-1,0,0,-0,5,2,0,1,-18,1,0,0,-1,-40,4,0
5522,-1,33,102,13,129,48,41,19,-43,433,61,274,346,437,-0,14,160,302,264,52
5525,0,-2,0,0,-1,0,0,1,1,1,-1,-2,2,-5,-1,0,0,-4,7,-28
5531,0,0,0,6,0,-5,0,-13,-1,-88,1,-19,-29,-19,10,1,-1,9,-15,-28
5533,-1,-1,0,0,-21,0,0,5,0,0,7,-6,37,0,0,0,0,0,4,0
5534,0,79,10,-0,-4,-3,-14,-7,4,3,-6,-2,-15,-9,-0,2,-0,-6,-5,-0
6177,-1,0,-2,0,-2,-0,-0,0,7,-9,-1,-2,10,-4,0,1,0,2,-12,-7
9906,0,0,0,0,0,0,0,0,0,0,0,0,0,0,0,0,0,0,0,0
9946,0,0,3,2,9,0,0,0,0,0,0,0,0,0,0,0,0,0,0,0
2208,72,-9,-7,-50,46,92,0,-4,26,-150,-33,-193,-320,-557,300,115,-123,113,-730,484
2603,4394,861,5288,-5255,717,3958,-1638,-4540,3423,-376,-16403,-6379,-5194,-3841,269,12090,-2913,2461,-12546,-2188
2605,80,45,149,-862,1204,604,-166,-764,119,-545,-2207,-803,-511,-204,984,370,100,-40,-888,503
2606,665,323,879,459,259,-39,-735,-391,220,-309,-3252,-53,-1415,-871,1231,1333,-413,1695,-1007,-943
2607,50,-87,164,-78,170,42,-34,44,117,-106,-38,-96,-563,-377,478,-1,-143,119,-248,401
2608,0,60,-8,-31,0,-48,2,9,-10,-3416,-85,-3,-1,-1,-0,1,0,-2,10,0
2609,1577,-189,-28,1041,897,212,-1468,-6325,-259,515,-2606,-6653,-4259,-2186,1668,1539,-1179,-9597,-3136,749
2610,-578,728,350,201,-4620,63,184,316,1526,1782,2308,551,-2209,-517,-2763,551,-2779,-383,-4080,-1278
2611,0,-2,1,-3,-14,-0,3,0,0,1,-40,-16,57,1,-1,0,0,0,2,1
2612,0,-2,-90,43,-125,172,1,0,0,0,4,0,-3,-439,279,-42,-377,-89,8,-220
2613,0,0,0,-0,-3,0,0,1,0,1,-1,-4,5,0,0,0,0,0,3,0
2615,17,487,397,-1148,166,-44,-90,677,385,-563,-493,-935,-922,-437,1327,-624,-1754,145,-941,358
2617,25,137,-1,-9,15,45,-24,7,-49,-102,-44,-95,-184,-849,566,246,-167,168,-279,82
2618,-67,1586,734,-780,561,-1095,-1215,4014,443,-1087,167,-1065,-2566,-2459,3384,-1213,-955,-1240,-3346,-1790
2630,0,0,0,0,0,0,0,0,1,0,-37,-53,-266,-113,-33,-15,-40,-52,-251,-21
2633,-26,43,69,4,-11,-65,-37,9,38,95,-61,-14,-116,-279,14,-28,-35,-8,9,79
2634,0,-1,28,0,0,0,0,18,19,139,0,-31,-531,-13,-36,10,9,-3,13,4
2636,0,0,65,-7,26,11,34,22,1,-46,-13,-42,-75,-191,16,43,-22,-36,-259,-19
2642,-10,0,0,10,0,0,-324,0,1,0,-13,0,13,1,0,5,0,-1,2,0
5607,0,0,0,0,-4,-18,-0,-5,-86,1,-65,-36,-31,-11,50,0,-0,0,3,4
5608,400,-7,-1,4,0,-61,0,-20,8,0,-4,319,1,1,-20,-1006,-106,280,-9,-1365
8367,0,0,0,0,-1,0,0,-5,1,0,-2,-1,8,0,0,0,6,-1,4,0
2701,-1,-2,-1,-2,-28,0,0,-1,3,3,1,1,1,1,0,0,0,-1,4,-0
2702,0,0,0,0,0,0,0,0,1,1,0,0,-0,3,0,0,-1,0,2,0
2704,0,0,-0,0,-0,0,-0,0,5,1,0,-0,-1,-0,0,1,-1,-2,4,0
2705,0,0,0,0,0,0,0,0,0,0,0,0,0,0,0,0,0,0,0,0
2706,-6,-5,-1,0,-32,0,6,-1,5,3,2,0,7,1,0,2,-2,-1,5,0
2707,2,-1,16,0,-1,-1,-3,1,1,1,0,-15,3,-14,0,0,-1,-15,7,-13
2712,0,0,0,0,0,0,0,-1,2,0,0,2,0,0,0,0,0,0,0,-0
2722,30,15,0,0,-0,1,0,9,5,0,18,20,20,-3,2,0,0,1,26,3
2727,-2,12,10,-3,-1,1,-43,53,8,-18,-4,-38,-25,-151,20,-367,4,11,-23,-54
2731,0,0,0,0,0,0,0,0,0,0,0,13,0,0,0,0,0,-3,0,0
2739,0,-1,0,-2,-10,0,0,-1,4,0,-2,3,-2,2,1,0,-1,0,2,1
2748,0,0,-1,-9,0,0,0,1,2,-1,3,0,1,2,0,0,0,0,1,0
5706,0,0,0,0,0,-9,0,0,1,0,0,0,0,0,0,0,1,0,0,0
8462,0,0,0,0,-1,0,0,1,1,-10,0,0,0,0,0,0,-9,0,-6,-5
8940,0,-2,0,0,0,0,0,0,0,0,0,0,0,0,0,0,0,0,0,0
9943,-1,0,0,0,0,-2,0,5,0,0,0,-1,0,-11,6,0,0,-1,0,-3
2801,-17,-83,171,-1,-2,-2,-229,161,93,375,-132,-171,180,-163,29,7,-19,-28,231,16
2809,14,125,128,64,248,150,56,58,-316,674,127,377,592,617,-218,8,259,445,456,33
2812,-7,-35,35,35,17,0,4,2,-60,-2,-57,-63,-17,-107,-15,6,-3,-27,-271,-5
2816,0,-3,18,20,-7,0,22,0,31,-28,33,0,60,14,0,-14,0,0,1,0
2820,0,0,74,0,51,0,-3,-2,35,195,1,-2,12,-2,0,2,-2,-9,33,0
2823,-1,507,-1040,273,15,27,-185,-219,-56,279,76,-98,2845,-226,46,-425,-205,-344,947,182
2832,0,-5,0,0,-1,0,0,0,4,2,-2,-3,2,-10,-2,1,-1,-31,13,-9
2834,49,-13,383,34,-4,-41,-105,103,55,700,-14,-32,-392,111,91,10,-3,-26,71,0
2836,-2,-8,-2,0,-3,-2,0,4,-6,-12,2,1,-5,-18,0,3,-2,-2,22,-1
2838,-5,-22,120,0,-10,0,-19,4,29,31,-54,-20,0,-11,-7,5,-5,-24,52,0
2845,-10,-13,137,0,0,0,-3,12,34,113,1,-4,-1,-2,0,5,-5,-20,82,0
2849,-3,-11,-3,0,-5,-1,-2,13,15,5,-4,-18,6,-38,-24,2,-2,-21,34,-1
2850,-1,-1,50,15,45,0,29,-8,-34,20,93,98,2,-37,-4,-30,-16,-3,7,-10
2851,0,0,23,10,27,28,13,41,91,240,57,-1,-16,33,-4,1,-4,-5,14,0
2852,0,-1,0,-29,-1,0,0,-2,6,2,-33,-1,34,1,-2,1,0,-3,3,0
2855,0,0,0,0,0,0,0,0,0,0,0,0,0,0,0,0,0,0,0,0
2867,0,38,-50,-216,-150,0,-3,-2,-55,-49,-69,-4,-4,-2,0,3,-3,-11,-97,0
2880,-36,-91,190,0,10,-92,-24,-78,-137,595,-174,-150,267,-246,4,-21,-171,-296,221,216
2881,-66,-185,164,4,-486,-446,-322,570,1284,-1638,-249,-707,-3782,-2652,3468,975,603,1635,-657,-1218
2882,110,-343,-153,-418,305,947,-476,251,1012,-926,-2386,-606,-4079,-3297,4069,1086,-875,4952,-1122,356
2883,-585,736,1235,979,1625,278,499,540,2706,1757,614,2796,144,4348,3259,415,2071,3761,-7004,9509
2884,7,-135,197,21,-18,-8,-33,-41,74,554,-220,-99,109,-165,145,-10,-109,-161,254,0
2885,-25,-194,124,-51,83,50,41,-134,-424,973,51,780,1069,14,2238,146,165,146,-1844,1403
2886,209,608,409,93,372,65,43,87,180,1661,140,659,416,570,188,149,404,514,835,-58
2887,-103,80,25,43,-11,-92,-24,-166,35,751,-688,-107,348,-633,158,-63,15,85,348,-134
2888,-1439,1430,485,-495,-2043,-315,204,566,-1243,-494,-2398,661,-1039,-3040,3310,-627,-1363,-251,-2319,833
2889,-36,-30,103,12,-9,11,-2,9,60,0,-57,161,-63,-212,14,-34,-10,-21,91,-9
2890,10,-75,450,-9,-38,-87,-259,-283,391,170,-84,3361,8901,-476,603,-228,-44,282,270,-869
2891,82,246,392,-163,0,196,-1143,1287,613,861,-864,-48,-1256,-1709,2746,383,86,620,1069,-203
2892,-8,-81,249,-80,-23,-4,-172,-137,69,524,-175,-101,274,-494,44,5,-35,-118,149,52
2897,0,-0,109,0,-1,0,-3,24,73,224,-3,-6,-10,-1,0,0,-3,-21,38,0
5876,59,-48,69,7,-16,18,-34,-22,26,200,-84,-79,101,-197,30,-66,24,-77,101,8
5880,-10,-116,210,-47,-3,-5,-29,-82,11,580,-177,-162,224,-183,87,1,33,-60,-10,-10
6005,0,0,0,0,0,0,0,0,0,0,0,0,0,0,0,0,0,0,0,0
6024,0,-1,0,0,0,-2,0,-3,-8,-9,-9,-10,-10,-15,-10,-9,-9,-12,-8,-9
1432,0,0,0,0,0,0,0,0,0,0,0,0,0,0,0,1,0,0,1,0
2601,56,-20,45,0,51,58,0,-1,-24,-61,-182,-354,-150,-217,175,50,-35,50,-13,-10
2614,-351,376,-9,-232,-25,519,-80,180,-381,621,198,0,-33,-98,11,2,-49,9,-5,-249
2901,0,0,0,0,0,0,0,0,0,1,0,-0,0,0,0,0,0,0,0,1
2903,-2,-36,27,0,-3,1,-8,1,15,15,-19,-23,-404,-145,0,2,-10,7,34,-17
2905,0,-8,17,0,-2,-2,1,172,-61,9,23,12,78,48,-3,2,-8,-9,7,-0
2906,0,-2,0,0,-1,0,0,2,1,3,-3,-1,-6,0,0,1,-2,-4,21,0
2908,-2,-1,-1,0,0,-2,0,5,-18,2,1,1,-1,-2,0,1,-1,0,6,0
2910,0,0,0,0,0,0,0,0,0,0,0,-0,0,0,0,0,0,0,0,0
2911,0,0,0,0,0,0,0,1,7,17,0,0,1,2,0,1,-2,-3,5,0
2912,-2,-7,15,-1,-5,0,-1,-7,6,-4,-16,-23,-2,-38,2,0,-7,-22,31,-5
2913,16,12,109,17,64,-10,8,71,27,-70,-97,3,-190,-367,220,5,0,-93,-308,-18
2915,-43,4,32,-4,103,29,33,65,72,99,-41,246,96,113,237,-29,-31,91,107,-40
8443,0,0,0,0,-28,0,0,-1,2,0,0,0,0,0,0,0,0,0,1,0
8454,-13,19,6,-0,-14,-6,2,16,3,-1,5,4,-3,-4,2,-0,1,-0,1,-1
1342,0,0,0,0,0,0,0,0,-13,-10,0,-4,-5,1,-8,-5,-5,-9,-8,-5
1416,0,0,0,0,0,0,0,-1,3,1,0,-4,4,0,0,0,0,0,0,0
1435,0,0,0,0,0,0,0,0,0,0,0,0,0,0,0,0,0,0,0,0
1437,0,0,0,0,0,-20,0,0,0,1,-17,0,19,1,0,0,0,-1,4,1
1516,0,0,0,0,0,-0,0,0,0,1,0,0,0,0,0,0,0,-1,2,0
2062,0,-0,0,0,0,-20,0,0,1,1,0,-5,6,0,0,0,0,7,0,0
2348,0,-1,0,0,0,0,-6,0,-16,-1,-7,-3,-18,-1,-3,-5,0,-4,-27,1
2358,0,-1,0,0,-1,-25,0,-1,1,-0,-12,-2,14,0,-0,0,0,0,0,0
2443,0,0,0,0,0,0,0,0,0,0,0,0,0,0,0,0,0,0,0,0
2496,0,0,0,0,0,0,0,0,0,0,0,0,0,0,0,0,0,0,0,0
2514,-1,-3,0,-0,-2,-0,0,1,3,1,0,-5,4,-11,0,1,-3,-34,3,-0
2904,0,0,0,0,0,0,0,0,1,1,0,-1,1,0,0,1,0,0,0,-0
3040,0,0,0,0,0,0,0,0,0,1,0,-24,22,0,0,0,0,-2,4,0
3557,-2,-0,0,0,0,-5,0,0,4,-12,0,0,0,-3,3,2,0,-2,-6,-3
4536,-2,1,-1,0,-1,-2,0,1,2,0,0,-1,-56,-16,0,-6,-6,0,-4,-13
6184,0,-1,0,0,-1,0,0,3,-13,0,0,0,0,0,0,0,0,0,0,0
6464,0,0,0,0,0,0,0,2,-1,0,0,-1,2,-4,-1,0,0,-2,2,-1
6504,-2,4,3,-11,-1,8,-40,-14,-64,77,-19,55,63,-8,-3,-2,0,-29,-3,35
6581,-1,0,0,0,0,1,0,0,1,0,1,-2,4,-2,0,-3,0,-3,3,-3
6592,7,9,12,0,29,-2,-1,1,5,3,-16,-2,-16,-45,31,2,-5,-15,14,-13
6625,0,-0,0,0,0,0,0,0,0,1,-8,0,7,0,0,0,0,0,0,0
6655,0,1,0,0,-5,0,0,0,1,0,0,0,0,0,0,0,0,0,1,-1
6670,-3,-6,7,-14,-4,-7,4,4,2,-26,2,-76,52,-19,-13,-4,-33,-4,-38,10
6754,0,0,0,0,0,0,0,0,0,0,0,0,0,0,0,0,0,0,0,0
8033,0,0,0,0,0,0,0,0,0,0,0,0,0,0,0,0,0,0,0,0
8341,-1,0,3,0,0,0,0,1,1,0,-2,0,-1,-3,-2,2,0,0,0,-2
8422,0,2,3,0,0,0,6,0,0,7,1,1,-1,1,0,-5,-7,3,3,2
8463,0,0,0,0,0,0,-0,0,1,1,0,1,0,0,0,0,0,0,2,0
8464,-3,-12,3,6,-4,4,-0,-2,5,-0,-5,-1,-5,-3,8,-21,-3,6,-35,0
8473,-1,0,0,0,-9,0,0,0,1,1,0,0,0,0,0,0,0,0,1,0
8478,0,0,0,0,0,0,0,0,1,0,0,-5,4,0,0,0,-0,1,1,1
8481,0,0,0,0,0,0,0,1,0,0,0,0,0,1,0,0,0,0,1,0
9902,-1,0,0,0,-27,0,0,-0,1,1,1,-0,0,0,0,1,-1,-1,3,1
9904,-212,438,307,94,190,-102,-68,-637,613,215,-55,-51,-370,-489,348,-30,-122,148,-1062,-1745
9905,-1,-2,-21,-23,-64,-22,-67,1,3,1,-1,-2,1,-8,-1,0,-1,-5,8,37
9907,-2,-11,-2,0,-5,-2,0,13,13,16,-16,-18,8,-524,480,0,-9,-11,24,0
9910,-43,-6,-40,72,10,19,16,1,10,0,-71,-200,85,113,192,1,-5,-20,31,-0
9911,-1,-1,0,0,-7,0,0,-2,0,2,-6,-1,-2,-4,0,1,-1,-2,4,0
9914,39,-0,20,-1,1,-1,38,-8,52,19,11,-32,-152,21,22,32,-0,-2,-82,-43
9917,15,14,19,65,2,5,-1,-62,7,7,-6,-7,116,13,5,11,5,9,40,0
9919,-10,-1,4,-31,-4,-96,-60,-63,78,0,204,2,24,191,-2,-5,-42,-18,-132,154
9921,30,-4,10,-14,5,1,-2,-6,10,-12,-0,8,-13,-31,10,-0,-7,1,-0,-12
9924,0,-2,0,0,-1,9,4,-6,-39,1,-22,3,-1,4,9,8,0,1,10,10
9925,-1,-3,0,0,-2,0,0,2,-6,1,0,1,1,1,0,0,0,0,6,0
9927,-1,13,2,15,-5,0,9,0,34,1,57,-25,14,0,0,1,0,-2,9,0
9928,0,0,0,0,0,0,0,-3,2,0,0,0,0,0,0,0,0,0,0,0
9929,0,-0,0,0,0,0,0,0,0,0,-4,4,0,0,0,0,0,0,-0,0
9930,-1,-1,0,0,-1,0,0,-1,4,0,-52,-48,5,16,-1,5,0,0,12,11
9933,-2,-6,18,0,-2,-2,-4,12,6,33,0,-7,0,-3,0,2,-2,-5,17,0
9934,0,-4,-1,0,-1,0,-0,2,4,4,1,-1,1,2,0,1,-1,-2,7,2
9935,0,0,0,-0,0,0,0,0,1,2,8,-12,10,12,0,-21,0,3,-1,0
9938,10,1,-4,-157,184,3,-14,-4,30,-83,-71,12,-170,-106,40,106,35,21,-16,3
9939,-1,-19,7,-6,-1,-0,-4,-84,56,-28,-14,-4,-215,-175,17,16,45,-1,-160,-129
9940,-1,-47,17,-242,-2,-2,-1,7,5,8,-11,6,-1,18,-2,13,-5,-21,47,0
9941,-1,-2,8,-0,0,-2,0,3,2,3,-5,-3,-19,10,-2,0,-2,-1,8,0
9942,0,-1,0,0,0,0,0,1,0,-10,-1,-4,-6,-1,0,0,-35,46,-3,-1
9944,0,-1,1,0,-10,0,0,0,4,0,0,-0,0,0,0,0,0,0,0,0
9945,-4,-0,24,1,-5,-17,-12,-45,-8,-62,-201,-29,-427,-248,422,10,-68,-7,134,19
9955,0,0,0,0,0,6,0,-0,0,-0,-0,0,-0,0,0,0,0,0,0,0
1264,0,0,0,0,0,0,0,0,0,0,0,0,0,0,0,0,0,0,0,0
1796,0,0,0,0,2,0,0,0,0,0,0,-0,0,0,0,0,0,0,0,0
4205,0,0,0,0,0,0,0,0,0,0,0,0,0,0,0,0,0,0,0,0
4207,0,0,0,0,0,0,0,0,0,0,0,7,0,-0,0,0,0,0,0,0
4712,0,0,0,0,0,0,0,0,0,0,0,0,0,0,0,0,0,0,0,0
4303,0,0,0,0,0,0,0,0,0,0,0,0,0,0,0,0,0,0,0,0
4304,0,0,0,0,0,0,0,0,0,0,0,0,0,0,0,0,0,0,0,0
4305,0,0,0,0,0,0,0,0,0,0,0,0,0,-0,0,0,0,0,0,0
8354,0,0,0,0,0,0,0,-0,-0,0,0,0,0,0,0,0,0,0,0,0
9950,0,0,0,0,0,0,-1,0,0,0,0,-1,0,4,0,0,0,0,0,0
4401,-3,4,3,0,0,-5,4,-4,-3,-4,6,-10,-6,-17,8,24,-24,25,-22,22
4402,-0,0,0,0,0,0,0,-0,0,0,0,0,0,0,0,0,0,0,0,0
4406,-0,0,0,0,0,0,0,0,0,0,0,0,-0,0,0,0,0,0,0,0
4413,0,0,0,0,0,0,0,0,0,0,0,0,-0,-0,0,0,0,0,0,0
4417,5,-3,37,0,0,0,0,0,-49,-29,37,-0,1,0,0,0,0,0,0,0
4419,0,0,0,0,0,0,0,0,0,0,0,0,0,0,0,0,0,0,0,0
4420,0,0,0,0,0,0,0,0,0,0,0,0,0,-1,0,0,0,0,0,0
4429,0,0,0,0,0,0,0,0,0,0,0,0,0,0,0,0,0,0,0,0
4432,0,0,0,0,0,0,0,0,0,0,0,0,0,0,0,0,0,0,-0,0
4433,0,0,0,0,0,0,0,0,0,0,0,0,0,0,0,0,0,0,0,0
1570,0,0,0,0,0,0,0,0,113,0,0,0,0,0,0,0,-0,0,0,0
1580,0,-1,0,1,0,0,0,0,1,0,0,0,0,0,0,0,0,0,0,0
1586,0,0,-8,-4,-35,-26,-0,-0,16,0,-0,-30,-43,-42,-3,0,-10,-12,-29,-34
1599,0,0,0,0,0,0,0,0,0,-3,-11,0,11,-25,-20,0,0,0,-67,-45
2066,0,1,0,0,0,0,0,-0,0,0,0,0,0,0,0,-1,0,0,0,0
2067,-2,0,0,0,0,0,0,0,0,0,0,-3,0,0,5,0,0,0,-0,0
2070,0,0,0,0,0,0,0,0,0,0,0,0,0,0,0,0,0,0,0,0
2230,0,0,0,0,0,0,0,0,0,0,0,0,0,0,0,0,0,0,0,0
2235,0,0,0,0,0,0,0,0,0,0,0,0,0,0,0,0,0,0,0,0
3162,0,0,0,0,0,0,0,0,0,0,0,0,0,0,0,0,0,0,0,0
3178,3,2,0,-1,11,0,-1,0,2,2,-2,-3,-3,0,-5,12,-1,-0,2,1
3226,0,0,0,0,0,0,0,0,0,0,0,0,0,0,0,0,0,-2,0,1
3379,-0,0,0,0,-0,0,0,0,0,0,0,0,0,0,0,0,0,0,0,0
3426,0,0,0,0,0,0,0,0,0,0,0,0,0,0,0,0,0,0,0,-0
4502,0,0,0,0,0,0,0,0,0,0,0,0,0,0,0,0,0,0,0,0
4503,0,0,0,0,0,0,0,0,0,0,0,0,0,0,0,0,0,0,0,0
4506,0,0,0,0,0,0,-10,-27,0,0,4,0,0,0,0,0,0,-3,-9,0
4510,0,0,0,0,0,0,0,0,0,-0,0,0,-0,0,0,0,0,0,-2,0
4513,0,0,0,0,0,0,0,0,0,0,-1,5,3,0,0,0,0,0,-0,-0
4523,0,0,0,0,0,0,0,0,0,0,0,0,0,0,-0,0,0,0,0,0
4527,0,0,0,0,0,0,0,0,0,0,0,0,0,0,0,0,0,0,0,0
4528,0,0,0,0,0,-2,0,0,0,-1,0,0,-2,-1,0,0,0,0,-2,-6
4530,0,0,0,0,0,0,0,0,0,0,0,0,0,0,-0,-0,0,0,0,-0
4533,0,0,0,-6,0,0,0,0,0,0,0,-0,0,-0,0,22,0,-0,0,-0
4534,0,0,0,0,0,0,4,-0,0,-0,0,-0,0,0,0,0,0,0,0,0
4535,0,0,0,0,0,0,0,0,0,0,0,0,-0,0,0,0,0,0,0,0
4538,0,0,0,0,0,0,0,0,0,0,0,0,-2,0,0,-0,0,0,0,0
4543,0,0,0,0,0,0,0,0,0,0,0,-1,0,-0,0,0,0,0,0,-0
4549,0,0,0,0,0,0,0,0,0,5,50,0,0,0,0,0,0,0,-1,0
4550,0,0,0,0,0,0,0,0,-128,0,0,0,0,0,0,-0,0,0,0,6
4561,0,0,0,0,0,0,0,0,0,0,-0,0,0,0,0,0,0,0,0,0
4563,0,0,0,0,0,0,0,0,0,0,0,0,0,0,0,0,0,0,0,0
4568,0,0,0,0,0,0,0,0,0,0,0,-0,0,0,0,0,0,0,0,0
4580,0,0,0,0,0,0,0,0,0,0,0,0,0,0,0,0,0,0,0,0
6122,0,0,0,0,0,0,0,0,0,-0,0,0,0,0,0,0,-0,0,-0,-0
6425,0,0,0,0,0,0,0,0,0,0,0,0,0,0,0,0,0,-0,0,0
6603,0,0,0,0,0,0,-0,-0,0,0,-0,0,0,0,0,0,0,0,-4,0
6609,0,0,0,0,-0,0,0,0,0,0,-0,0,0,0,0,0,0,0,-0,-0
8027,16,5,10,63,4,24,1,32,32,-196,26,-28,-228,-357,-24,569,2,-24,-329,-64
8083,0,0,0,0,0,0,2,0,0,0,8,0,2,2,0,1,0,4,1,2
8107,-0,-1,0,0,0,0,0,0,0,0,2,0,0,-0,4,0,0,5,0,0
8255,-1,-26,2,1,6,0,0,2,3,-24,8,-13,-5,-13,11,8,-70,-34,-38,-41
9951,-1,-4,-12,10,6,-4,0,-7,2,4,0,3,-3,0,-6,6,1,-4,-37,-2
2061,0,-3,0,-0,0,0,0,-0,0,0,0,9,0,-0,0,0,0,0,-0,0
4609,0,0,0,0,0,0,0,0,0,0,0,0,0,0,0,0,0,0,0,0
1742,0,0,-0,0,0,0,0,0,0,0,0,0,-0,0,0,0,0,0,0,0
4702,0,0,0,0,0,-0,0,0,0,0,-8,1,0,3,0,0,0,0,0,4
4706,0,0,0,0,0,0,0,0,0,0,0,0,0,-0,0,0,0,0,0,0
4707,-1,-3,-12,13,7,-7,9,-6,0,-5,2,-16,-47,-23,12,-16,-38,12,-90,-39
4711,0,0,0,0,12,0,25,5,39,0,83,0,0,0,0,0,0,0,0,0
4714,0,0,0,0,0,0,0,-0,0,-0,0,0,0,-0,0,0,0,0,-0,0
4716,0,0,0,0,0,0,0,-0,0,0,-8,8,0,0,-0,-0,0,-0,0,0
4721,15,0,0,1,0,7,-5,4,10,-13,-10,-3,-39,-72,-7,16,-5,1,-83,-43
4741,0,0,0,0,0,0,0,0,0,0,0,0,-2,0,0,0,0,0,0,0
4754,0,0,0,0,0,0,0,-0,0,0,0,0,0,0,0,0,0,0,0,0
4767,0,0,0,0,0,0,0,0,0,-0,0,0,0,0,0,0,0,0,0,0
6506,0,0,0,0,1,-2,0,0,0,0,0,0,0,0,0,0,0,0,0,0
6509,576,78,-44,216,0,-2,101,26,-32,69,-88,-272,-35,-381,31,-27,-189,45,-754,354
1565,-2,-3,-6,-1,-3,3,5,-24,15,-55,-3,-4,-3,-25,-10,-7,2,-6,-36,-15
1593,0,0,0,0,0,0,0,0,0,0,-0,0,-2,0,0,2,0,0,0,0
1752,7,13,0,-25,0,0,-3,0,0,2,2,-33,5,0,0,0,6,0,7,9
1777,0,0,0,0,0,0,0,-0,0,-0,-1,1,0,0,0,0,0,0,0,0
1781,0,-0,0,0,-0,0,0,0,0,0,-0,0,0,-4,0,0,0,0,0,0
1784,0,0,0,0,-0,0,0,0,0,0,0,0,0,0,0,-0,0,0,-0,0
1788,0,0,0,0,0,0,0,0,0,0,0,0,0,0,0,0,0,0,0,0
1799,0,0,0,0,0,0,0,0,0,0,0,0,0,0,0,0,0,0,0,0
1813,0,0,0,0,0,0,0,0,5,0,0,0,0,0,0,0,0,0,0,0
3118,0,0,0,-0,0,0,0,0,0,0,-0,0,-0,0,0,-0,0,0,-0,-0
3176,0,0,0,0,0,0,0,0,0,0,0,0,0,0,0,0,0,0,0,0
3205,-0,0,0,0,0,0,0,0,0,0,0,0,0,0,0,0,0,0,0,0
3218,5,-8,14,44,-20,10,-1,-23,14,-57,8,5,21,-117,114,-3,11,-17,-42,-11
4102,0,0,0,0,0,-0,-0,0,0,-0,0,0,0,0,0,0,0,0,-0,0
4105,-48,53,31,-286,7,-17,-251,-195,285,248,378,-372,-94,802,117,151,-32,116,-16,10
4107,0,0,0,0,0,0,0,0,0,0,0,0,0,0,0,0,0,0,-10,0
4109,-0,0,0,0,-0,0,0,-0,0,-0,-0,0,0,0,0,0,0,0,-0,0
4111,0,0,-0,-0,-0,-0,0,0,-0,0,0,-0,0,0,0,0,0,0,-0,0
4114,0,0,-1,-1,26,0,0,0,0,-2,0,-2,0,-2,0,0,0,0,-6,3
4116,0,0,0,0,0,0,0,0,0,0,0,0,0,0,0,0,0,-0,0,0
4120,-0,0,0,0,0,0,0,0,0,0,0,0,0,0,0,-0,0,0,0,0
4121,0,0,91,0,-0,0,0,0,0,0,0,-0,0,0,0,0,0,0,-0,-0
4123,29,6,8,-40,-109,316,-29,-169,-49,-58,7,-41,95,-17,6,21,7,-21,-79,-32
4126,26,11,0,0,0,0,0,0,0,0,5,-19,16,3,5,3,0,0,-20,29
4127,0,0,-0,0,0,0,-0,0,0,0,-0,0,0,0,0,0,0,0,-0,0
4128,8,-25,27,24,2,-6,1,1,-6,-59,-4,-27,8,8,-36,73,-11,0,-18,-16
4129,0,0,0,0,0,0,0,0,0,-0,0,0,0,0,0,0,0,-0,0,0
4130,0,0,0,-0,0,0,3,0,0,-0,0,0,-5,0,0,0,0,0,0,0
4131,0,0,0,0,0,0,0,0,0,0,0,0,0,0,0,0,0,0,0,0
4138,0,0,0,0,0,-0,0,0,0,0,0,-0,0,0,0,0,0,0,0,0
4147,0,0,0,0,0,0,0,0,-0,0,0,0,0,0,0,0,0,0,0,0
4152,0,0,0,0,0,0,0,0,0,0,0,0,0,0,0,0,0,0,0,0
4153,0,-0,0,0,-0,0,0,0,0,-0,0,0,0,0,0,0,0,0,0,0
4160,0,0,0,0,0,0,0,0,0,0,0,0,0,0,0,0,0,0,0,0
4161,0,0,0,0,0,0,-0,0,0,0,0,0,0,0,0,0,0,0,0,0
4162,-4,-4,13,-14,1,13,-2,-73,-6,-29,16,-5,30,-41,-17,3,-10,-8,-13,-3
4163,0,0,0,1,0,0,0,0,0,-1,1,0,0,-6,0,3,3,0,0,0
4167,-22,56,0,-4,0,-0,4,-18,-36,84,4,-54,-1,-88,-30,2,-35,-52,-17,107
4168,-0,0,0,176,0,0,0,0,-0,0,0,0,0,-0,0,0,0,-0,0,0
4173,0,0,0,0,0,0,0,0,-0,0,0,0,0,0,0,0,0,0,0,0
4174,0,0,0,0,0,-0,0,0,0,0,0,0,0,0,0,0,0,0,0,0
4175,0,0,0,0,0,0,0,0,0,0,0,0,2,0,0,0,0,0,0,0
4183,0,0,0,0,0,0,0,0,0,0,0,0,0,0,0,0,0,0,0,0
4188,0,0,0,0,0,0,0,-0,0,0,0,0,0,0,0,0,0,0,0,0
4192,0,0,0,0,0,0,0,0,-0,0,0,0,0,0,0,0,0,0,0,0
4198,0,0,0,0,0,0,0,0,0,0,0,0,0,0,0,0,0,0,0,0
4726,-1,-15,-9,-20,3,4,17,-5,11,-24,56,-1,2,-4,0,0,-8,0,-54,62
4728,-0,0,0,-2,0,0,0,0,-1,0,0,0,-1,-2,1,2,-2,0,-3,-0
4735,-4,0,-4,-17,0,-12,-4,-17,-8,28,-27,14,33,-19,-41,77,4,4,-24,-1
4736,-109,37,24,43,297,136,145,5,57,67,71,36,4,-12,-18,-12,-34,40,-66,-22
4743,-23,1,32,-19,-28,32,-22,-52,36,-207,-32,-49,-102,-53,-56,203,-56,-17,-147,6
4744,0,0,0,0,0,0,0,0,0,0,0,0,0,0,0,0,0,0,-0,0
4747,0,0,0,0,0,0,0,0,0,0,0,0,0,0,0,0,0,0,0,0
4911,0,0,0,0,0,0,0,0,0,0,0,0,0,0,0,0,0,0,0,0
5312,0,0,0,0,0,0,0,0,0,0,0,0,0,0,0,0,0,0,0,0
6130,0,0,0,0,0,0,0,0,0,0,0,0,0,0,0,0,0,0,0,0
6242,0,0,0,0,0,0,0,0,0,0,0,0,0,0,0,0,0,0,-0,0
6446,0,0,0,0,0,0,0,0,0,0,0,-40,0,0,0,0,0,0,0,0
6461,0,0,0,0,0,0,0,0,0,0,0,0,0,0,0,0,0,0,0,0
6469,0,0,0,-10,0,0,0,6,10,0,0,3,0,0,3,0,0,0,-30,0
6472,0,57,0,1,-12,29,-10,7,23,0,0,0,22,0,0,0,0,13,0,5
6492,0,0,0,0,0,0,0,0,0,0,0,0,0,0,0,0,0,0,0,0
6496,0,0,0,0,0,0,0,0,0,0,0,-1,0,1,0,0,0,0,0,0
6499,0,0,0,0,0,0,-0,0,0,0,0,0,0,0,0,0,0,0,-0,0
6523,-6,9,-2,1,2,0,-1,-1,-1,-3,0,0,-3,-94,104,-4,4,-1,-1,-2
6527,0,0,0,0,0,0,0,0,0,0,0,0,0,0,0,0,0,0,-0,0
6535,0,0,0,0,0,0,0,0,0,0,0,0,0,0,0,0,0,0,0,0
6547,-1,1,0,0,0,0,7,18,-35,0,85,0,0,15,0,0,0,0,0,0
6569,0,0,0,0,0,0,0,0,0,0,0,0,0,0,0,0,0,0,0,0
6574,0,0,0,0,0,0,0,0,0,0,0,0,0,0,0,0,0,0,0,0
6576,0,0,0,0,0,0,0,0,0,0,0,0,0,0,0,0,0,0,-40,0
6589,-4,-12,-3,-13,-53,-77,-72,-18,-25,-117,-98,1,-50,5,0,0,0,0,-3,0
6612,0,0,0,0,0,0,0,0,0,0,0,0,0,0,0,0,0,0,0,0
6615,0,0,0,0,0,0,0,0,0,0,0,0,0,0,0,0,0,0,0,0
6649,0,0,0,0,0,0,0,0,0,0,0,0,0,0,0,0,0,0,0,0
6661,0,0,0,0,0,0,0,0,0,0,0,0,0,0,0,0,0,0,0,0
6662,0,0,0,0,0,0,0,0,0,0,0,0,0,0,0,0,0,0,0,0
6703,0,0,0,0,1,0,0,0,0,0,0,0,0,0,0,0,0,0,0,0
6712,0,0,0,0,0,0,0,0,0,0,0,0,0,0,0,0,0,0,0,0
6733,0,0,0,0,0,0,0,0,0,0,0,0,0,0,0,0,0,0,0,0
6747,0,0,0,0,0,0,-4,-4,0,0,0,-9,-29,-1,0,0,1,-1,-20,-20
6762,0,0,0,0,0,0,0,0,0,0,0,0,0,0,0,0,0,0,0,0
6767,0,0,0,0,0,0,0,0,0,0,0,0,0,0,0,0,0,0,0,0
8279,0,0,0,0,1,0,0,0,0,0,0,0,0,0,0,0,0,0,0,0
8403,-0,0,0,-7,0,0,-0,-0,-0,-6,0,0,21,0,0,0,0,0,-3,6
8409,0,0,0,-0,0,0,-0,0,0,0,0,0,0,0,0,0,0,0,0,0
8432,0,0,0,0,0,0,0,2,0,0,0,0,0,0,0,0,0,0,0,0
8436,3,-215,610,102,130,-26,250,-5,33,-80,40,-13,-95,33,22,28,-7,-27,-56,-71
2035,0,-0,-0,0,0,0,0,0,0,-0,0,0,-0,0,0,0,0,0,0,-0
2063,0,0,0,0,0,0,0,0,0,0,0,0,0,0,0,0,0,0,0,0
2064,0,0,0,0,0,0,0,0,0,0,0,4,0,0,0,0,0,0,1,0
2065,0,0,0,0,0,0,0,0,0,0,0,0,0,0,0,0,0,0,0,0
5009,180,62,-8,-23,-1,88,-52,-561,114,-107,21,-40,-371,-120,260,-9,-137,81,-652,578
5011,-0,0,0,0,0,0,-0,0,0,-0,0,0,0,0,0,0,0,0,0,0
5013,0,0,0,0,0,0,-0,0,0,-0,0,1,0,0,0,0,0,0,0,0
5014,0,0,0,0,0,0,0,0,0,0,0,-450,450,0,0,0,0,-500,0,-160
5015,0,0,0,0,0,0,0,0,0,0,0,0,2,0,0,0,0,0,-2,0
5016,0,0,0,0,0,0,0,0,0,0,-5,0,-1,0,0,0,0,2,-0,0
6248,-0,0,-2,0,0,-1,6,0,-12,0,0,0,0,12,0,0,-0,0,0,0
8349,-20,2,0,0,-19,-2,15,-6,-15,3,-4,292,16,5,-7,-6,-11,12,-121,-1
8415,0,0,0,0,0,0,0,6,0,0,2,0,0,0,0,1,-0,0,0,0
8930,0,0,0,0,0,0,0,0,0,0,0,0,0,0,0,0,0,0,0,0
9962,0,0,0,0,0,0,-0,0,0,-0,0,-2,0,0,0,-3,0,-1,0,0
5102,0,0,0,0,0,0,-0,0,-0,0,0,0,0,-0,0,0,0,0,0,0
3073,0,0,0,0,0,0,0,0,0,0,0,0,0,0,0,0,0,0,0,0
3105,77,-14,-54,89,25,19,-63,59,116,17,-133,11,-23,-123,-126,257,-7,41,-125,-27
3122,0,0,0,-0,0,0,-0,0,0,0,0,0,0,0,0,0,0,0,0,0
3141,63,0,-318,-10,-5,-11,-70,125,312,-5,-53,-118,-45,-21,-89,27,-57,-4,-82,-126
3169,0,0,0,0,-1,60,0,-0,5,0,0,0,0,0,0,0,0,0,0,0
3219,0,0,0,0,0,0,0,0,0,0,0,0,0,0,0,0,0,0,0,0
3227,37,15,5,72,8,2,-37,-19,171,-148,-119,88,-210,-272,-72,172,3,-272,-126,-401
3228,-30,-21,-158,15,0,14,6,19,38,31,-232,-49,-11,-74,27,-126,50,88,-97,0
3259,0,0,0,-0,-0,0,0,0,0,0,0,0,0,-0,0,-0,0,0,-0,0
3260,370,145,-334,596,569,81,-418,69,257,-593,15,-260,-993,-1989,-177,962,-714,-798,-1294,-1101
3264,348,-0,-34,-331,59,341,-90,-162,-0,48,-65,-24,-220,-325,-16,22,-63,-1,-608,-595
3265,0,0,-1,0,0,0,-0,-1,-131,0,-35,0,-16,-10,0,6,-5,0,-12,21
3268,0,-1,0,0,0,0,-0,0,0,0,0,0,0,-6,0,0,0,0,0,0
3317,-6,34,6,32,1,4,22,38,5,-30,20,-11,-20,-27,-134,173,-2,-6,-139,-139
3372,0,0,0,0,0,0,-0,-0,0,-0,0,0,0,0,0,0,0,0,0,0
3374,115,-7,-82,132,430,13,-1,-7,45,-52,-54,118,-67,-122,-118,211,-27,65,-155,-135
3438,2,0,0,-1,-0,0,0,0,-2,-1,-0,0,3,-5,-4,3,0,0,-3,-7
3527,3,-6,-12,2,12,3,-2,3,3,-3,-30,-5,-4,11,-9,13,-54,-13,-17,-16
3529,3,-7,-2,11,-18,19,-16,-13,18,-10,-2,-4,15,-12,-20,2,14,2,-29,-10
3555,0,0,0,0,0,0,0,0,0,0,0,0,0,0,0,0,0,0,0,0
3556,12,3,0,1,3,0,-2,-7,0,-18,0,-15,-24,-24,-5,4,-11,-17,-49,-32
3567,0,0,0,0,-0,0,0,0,0,0,0,0,0,1,0,0,0,0,0,0
3581,0,0,0,0,0,0,0,0,0,0,0,0,0,9,0,0,4,0,0,0
3675,7,-1,-1,0,11,0,-5,0,14,-82,-19,-5,-5,6,-19,15,-4,6,-11,30
3680,6,-3,-9,17,36,-8,-2,-46,217,122,-27,-30,-195,-69,-164,150,39,-48,-84,-118
3707,-191,91,653,165,-10,0,10,0,0,0,-0,-9,9,0,0,-15,-5,12,-2,-55
4945,0,0,0,0,0,0,0,2,1,0,0,0,0,0,0,0,-0,1,0,0
4973,-0,0,0,0,0,0,0,-0,0,-0,0,-7,0,0,0,0,0,-0,0,-0
5272,0,0,0,0,0,0,0,-0,0,0,0,-0,0,-0,0,0,-0,0,0,-0
5274,5,0,5,4,-0,0,0,-4,6,-1,-1,-1,-2,-6,-1,3,-0,-6,8,-5
5299,0,5,-3,9,3,-1,0,-24,30,-2,-2,-3,-23,-84,-44,31,-85,-12,-68,-157
5302,0,0,0,0,0,0,-0,0,0,0,0,0,0,0,0,0,0,0,0,0
5314,0,0,0,0,0,0,0,0,0,0,0,0,0,0,0,0,0,0,0,0
5344,0,0,0,0,0,0,0,0,0,0,0,0,0,0,0,0,0,0,2,0
5347,9,-10,-10,175,-11,-42,-56,-75,100,-29,-69,143,-119,-182,-21,27,-63,-405,15,-140
5351,0,0,0,-0,0,0,0,-0,0,0,-0,0,0,0,0,0,0,0,0,0
5425,17,2,-21,-6,4,23,-4,-112,30,-73,4,-31,-198,-115,-17,108,-73,-130,-276,-450
5468,0,0,0,0,0,0,0,0,0,0,0,0,0,0,0,0,0,0,0,0
5483,52,35,-121,316,127,97,-103,-332,345,-173,-55,-122,-321,-647,-342,18,182,-755,-155,-1128
5487,0,0,0,0,0,0,0,0,0,0,0,0,0,0,0,0,0,0,0,0
6103,0,0,0,0,0,0,0,0,0,0,0,0,0,0,0,0,0,0,0,0
6104,24,-1,-5,29,5,-2,-5,-3,14,-73,9,-27,-66,-197,-37,137,-131,1,-595,227
6129,0,0,0,0,0,0,-0,0,0,0,0,0,0,0,0,0,0,-0,0,0
6138,93,-146,87,219,27,18,4,-4,34,-56,-1,8,-36,-83,-58,73,31,-13,-44,-60
6147,299,80,26,568,33,-34,-73,-15,114,-115,-2,80,-154,-218,-7,-65,43,-29,-382,-479
6182,78,168,663,232,188,34,-263,-322,365,-814,-644,-399,-749,-1065,-1088,1148,-153,-1572,-619,-703
6198,0,0,0,0,0,0,0,0,0,0,0,0,0,0,0,0,0,0,0,0
6223,22,62,56,66,41,-2,-20,40,21,-127,-43,-41,-164,-293,-176,281,-113,-68,-250,-283
6229,0,0,-0,-0,0,0,0,0,0,0,0,0,0,0,-0,0,0,-2,0,0
6233,1,-2,17,8,39,29,-2,4,-21,23,0,9,7,1,-37,40,-6,-8,-4,-17
6237,-53,34,29,33,-103,3,40,128,10,-58,143,-44,-39,-34,-11,10,-5,-27,-52,-2
6261,72,-10,-10,125,41,19,0,35,127,-213,-7,30,-320,-294,-241,562,-39,-102,-436,124
6287,0,0,0,0,0,0,0,0,0,0,0,0,0,0,0,0,0,0,0,0
6291,0,0,0,0,0,0,0,-0,0,0,0,0,0,0,0,0,0,0,0,0
6411,103,-33,-6,41,70,14,-64,62,55,-66,-26,-3,-96,-76,-115,107,-34,-10,-169,-267
6435,0,5,-9,10,0,0,0,-2,4,-6,-4,-1,-7,-16,-14,20,-10,-7,-25,-53
6457,0,-23,24,11,2,-1,0,0,0,-3,-4,-1,-3,-6,-19,23,-5,-2,4,-41
6462,-2,-0,-6,19,-9,2,-1,-66,27,-33,-11,-21,-13,-35,-43,84,0,-2,-54,-19
6485,200,0,-1,-0,0,1,-1,0,-0,0,-0,1,0,0,0,0,0,-0,0,-5
6488,-60,-148,-25,364,80,6,-7,-105,42,-26,-66,-43,-46,-91,-33,9,21,-105,5,-90
6494,-8,0,0,68,0,0,-0,0,-0,-45,0,-0,0,45,0,0,0,0,-40,-60
6510,6,-0,-3,-3,8,-0,-0,-7,14,-3,0,2,-1,-17,-9,12,-7,-4,-4,-13
6532,0,0,0,0,0,0,0,0,0,-0,0,0,0,0,0,0,0,0,0,-0
6548,10,-0,-6,1,1,0,-4,-0,0,-9,-0,-5,-11,-364,-68,-232,-315,-14,-94,-13
6568,0,0,0,0,0,0,-0,0,0,0,0,-3,0,0,0,0,0,0,0,0
6594,0,0,0,0,0,0,0,0,0,0,0,0,0,0,0,-1,0,-0,1,0
6640,0,0,0,0,0,0,0,0,-4,0,0,0,0,0,0,0,0,0,0,0
6643,0,-9,-12,25,17,3,-3,1,7,-13,-4,-1,-112,-45,-26,55,1,-11,-79,-69
6651,0,0,0,0,0,0,0,0,0,0,0,0,0,1,0,2,0,0,0,0
6679,10,-69,-23,54,40,34,-77,-5,9,-22,-10,81,4,-83,-5,20,-18,15,-25,-16
6683,75,1,7,17,3,0,-4,14,5,-35,-6,18,-42,-14,-9,9,-8,-190,-174,-60
6716,0,0,0,0,0,0,0,0,0,-0,-1,0,0,0,0,-0,0,0,0,0
6732,3,-1,2,6,1,-4,1,7,0,-6,-2,-6,-88,-6,1,-2,-1,3,-5,-19
7556,0,0,0,0,0,0,0,0,0,0,0,0,0,0,0,0,0,-0,0,0
8024,0,0,0,0,0,0,-0,0,0,0,0,0,0,0,0,0,0,0,0,-0
8040,0,0,-1,2,-0,0,0,0,0,-0,-0,0,0,0,-0,0,0,0,0,0
8054,1,-0,0,0,0,0,-5,0,0,0,-0,0,0,-0,0,0,0,0,0,-0
8086,143,47,108,91,174,23,-38,-207,241,57,-146,50,-296,-40,-179,-71,-28,11,-253,-318
8088,0,0,0,0,0,0,0,0,0,0,0,0,0,0,0,0,0,0,0,0
8277,0,0,-0,0,0,0,0,0,0,0,0,0,0,0,0,0,0,0,0,0
8299,180,-45,-27,110,35,42,-53,23,72,-77,-14,-94,-107,-159,-9,137,-22,-150,-158,-272
1569,7,33,0,1,0,0,0,0,5,-14,0,12,-53,-173,-126,8,0,4,-218,-189
3071,0,0,0,0,0,0,-0,0,0,0,0,0,0,0,0,0,0,0,15,2
3088,0,0,0,0,0,0,0,0,0,0,0,0,-4,0,0,0,0,0,0,0
3211,-4,8,1,-1,4,3,1,-6,1,3,0,-8,-2,-8,-10,-2,-51,15,16,3
3213,0,0,0,0,0,0,0,0,0,0,0,5,7,5,7,0,0,0,0,5
3272,0,0,0,0,0,0,2,0,0,3,-4,-19,-1,-19,-5,-1,-4,-19,-48,-15
3287,0,0,0,0,-0,0,0,0,0,0,0,-4,0,0,0,0,0,0,0,0
3323,0,0,-2,8,0,-0,-0,-3,0,-16,-0,-8,-21,-44,0,0,-12,1,-135,-64
3325,0,0,0,-0,0,0,0,0,0,0,-2,-0,0,0,0,-0,2,0,0,0
3479,-0,0,0,-0,0,0,0,0,0,-5,0,-22,-8,-5,-0,-5,0,6,-13,-20
3483,12,-14,0,29,-7,53,-14,5,32,-36,-9,1,-63,-70,-41,22,-9,-12,-60,-60
3521,0,0,0,0,0,0,0,0,0,0,0,0,0,0,0,0,0,40,0,0
3540,5,0,-4,13,0,5,6,25,22,-22,-2,4,-34,-47,-154,201,-134,151,-59,-31
3577,0,0,0,1,-0,-3,0,2,0,0,1,0,0,0,0,-2,0,2,0,0
3594,0,0,0,0,0,0,0,-0,0,0,0,0,0,-0,-0,0,0,-6,0,0
3611,0,0,-2,-2,-2,-3,0,-1,0,0,0,-1,-13,0,1,0,0,-1,-2,0
3625,0,-0,-0,0,0,0,0,0,0,-0,0,0,0,0,-0,0,0,-0,-0,0
3652,0,0,0,0,0,1,0,0,0,0,0,0,0,0,0,0,0,0,0,0
3693,0,0,0,2,0,0,0,0,0,0,0,0,-0,0,0,0,0,0,0,0
3709,0,0,0,0,0,-0,-0,0,0,0,0,0,-4,4,0,0,0,0,0,0
4931,0,0,0,0,0,0,0,0,0,0,0,0,0,0,0,0,0,0,0,0
4987,0,0,0,0,0,0,0,0,0,0,0,0,0,0,0,0,0,0,0,0
5289,-1,2,-1,-2,-0,-1,5,-2,5,20,4,-7,15,27,-15,20,14,6,18,-12
5356,0,0,0,0,0,0,0,0,-57,0,-48,0,-69,0,0,0,0,0,0,0
5386,0,0,0,0,0,-0,-0,0,0,0,0,0,0,0,0,0,-0,0,0,0
5426,0,0,0,0,0,0,0,0,0,0,0,0,0,0,0,0,0,0,0,0
5438,0,0,0,0,0,0,0,0,0,0,0,0,0,-0,0,0,0,0,0,0
5465,0,0,0,0,0,0,0,0,0,-4,0,-0,-1,0,0,0,0,0,-7,-5
5474,2,2,0,0,-2,0,0,0,1,-9,-1,-1,-7,-6,-4,0,1,-2,-8,-5
5490,-0,0,0,0,0,0,0,-0,-58,-0,-54,0,-68,0,0,0,0,0,0,4
6121,0,3,-6,-18,0,-5,-8,4,13,0,35,70,11,214,19,50,110,274,9,14
6123,0,0,0,0,0,0,0,0,0,0,0,0,0,0,0,0,0,0,0,0
6150,307,39,86,50,167,113,55,0,153,0,0,-50,1,12,0,-3,-2,3,8,23
6160,0,0,0,0,0,0,-0,-0,0,0,0,0,0,-0,0,0,0,0,0,-0
6161,0,0,0,0,0,0,0,0,-4,0,-17,0,21,0,0,0,0,0,-0,0
6188,56,-4,-19,104,3,98,0,0,0,-22,-16,-3,-350,-347,-81,80,-18,79,-108,-293
6228,0,-1,-1,0,0,0,0,0,0,0,0,-1,0,0,-1,0,-2,0,0,0
6276,0,0,0,-0,0,0,0,0,0,0,0,0,0,0,0,0,0,0,0,0
6441,24,-27,-1,-13,195,0,0,2,-5,-1,2,4,-8,-5,-5,18,19,-9,-33,-5
6570,0,0,0,0,0,0,0,0,0,-0,0,0,0,0,0,0,0,0,0,0
6577,0,0,0,0,0,0,1,0,0,0,0,0,0,0,0,0,0,0,0,0
6680,0,0,0,0,0,-0,0,0,0,0,0,0,0,0,0,0,0,0,0,0
8050,0,0,-3,1,0,-12,-12,-10,-5,-2,0,-50,0,0,-0,63,0,0,0,0
8076,31,0,0,3,-0,2,-2,0,6,-38,-41,-20,-36,-46,-44,93,-296,-12,-66,-14
8234,0,0,-3,0,0,0,0,0,0,0,0,0,3,0,0,0,0,0,0,0
8410,0,0,3,0,0,0,0,0,-25,0,-32,0,-14,0,0,0,0,0,0,0
3066,0,-0,0,0,0,0,0,0,0,0,-2,0,0,0,0,0,0,0,0,0
3128,0,0,0,0,0,-0,0,0,0,0,0,0,0,0,0,0,0,-0,0,-0
3230,0,0,-0,0,0,0,0,0,0,0,0,0,0,0,0,0,0,0,-0,0
3297,0,0,0,0,0,0,0,0,0,0,0,0,0,0,0,0,0,0,0,0
3339,0,1,0,0,0,0,0,0,3,0,0,-0,4,0,0,0,0,0,0,0
3362,0,0,0,0,0,0,0,0,0,0,0,0,0,0,0,0,0,0,0,0
3434,0,0,0,0,0,0,0,0,0,0,0,-1,0,1,0,0,0,0,0,0
3441,-0,0,-0,0,0,0,0,0,0,0,0,0,-0,0,-0,0,0,0,0,0
3455,0,0,0,0,0,0,-9,20,3,-1,-1,0,-18,-15,-7,7,-5,0,-32,-7
3490,0,-0,0,-0,0,0,0,0,0,-0,-5,-0,0,0,0,0,0,0,0,0
3516,0,0,0,0,0,0,0,0,0,0,0,0,0,0,0,0,0,0,0,0
3523,0,0,0,0,0,0,0,-0,0,0,0,0,0,-0,0,0,0,0,0,0
3531,0,0,0,0,0,0,-2,1,0,0,0,0,0,0,0,0,0,0,0,0
3615,-0,0,0,0,0,0,-0,0,0,-0,0,0,0,0,0,0,0,-0,0,0
3623,0,0,-0,0,0,0,0,0,0,0,0,0,0,0,0,0,0,-0,0,0
3630,26,-5,-12,60,1,2,1,-13,-6,-12,-12,-24,-62,-155,-29,13,-7,-10,-176,-152
3666,5,2,-5,0,-2,7,1,-1,0,1,-3,0,-3,-16,0,0,-10,-102,-406,-8
3685,0,0,0,0,0,0,0,0,0,0,0,0,-0,0,-1,-2,0,3,0,0
3691,-5,0,-1,-15,-17,32,-18,17,17,-29,-3,-5,-14,-38,-16,11,31,4,-94,-11
3713,0,-0,0,0,0,0,0,0,0,0,0,0,0,0,0,0,0,0,0,0
4729,-0,0,0,0,0,0,0,0,0,0,0,-0,0,0,0,0,0,-0,0,0
4933,-3,0,0,8,0,0,0,1,-3,0,12,-1,-9,-1,-16,9,4,-13,-33,-5
4944,0,0,0,0,0,0,0,0,0,0,0,0,0,0,0,0,0,0,0,0
4972,0,0,0,0,0,0,0,-0,0,0,0,0,0,0,0,0,0,0,0,0
4995,0,0,0,0,0,0,0,0,0,0,0,0,-0,0,0,0,0,0,0,0
5220,0,0,0,0,0,-3,0,0,0,-0,0,0,0,0,-0,0,0,0,0,0
5230,0,0,0,0,0,0,-0,0,0,-0,0,0,0,0,-0,-0,-0,0,0,-0
5245,-0,0,0,0,-5,0,0,0,0,0,0,0,0,0,4,0,0,0,1,0
5251,0,0,0,0,0,0,0,0,-3,0,0,0,0,0,0,0,0,0,-1,0
5315,0,0,0,0,0,0,-0,0,-109,-0,109,0,0,0,-0,-0,-0,-0,0,0
5371,92,32,6,67,56,60,82,-116,36,10,73,16,33,-34,109,64,18,224,256,145
5392,4,0,-8,155,5,1,0,21,0,-67,-7,-31,-48,-86,6,37,-177,110,60,18
5432,0,0,0,0,0,0,0,0,0,0,0,0,0,0,0,1,0,0,0,0
5443,50,4,64,17,2,0,-7,12,0,-8,0,-6,-24,-53,4,25,-4,-41,-149,-159
6125,0,0,-0,-0,0,3,-0,7,-17,-4,-11,-16,-10,-58,-3,0,-1,-11,-123,-40
6167,0,0,0,0,0,0,-0,-0,0,-0,0,0,0,0,-0,-0,0,-0,0,-0
6222,0,0,0,0,-0,-0,0,-0,0,0,0,0,0,0,0,0,0,0,0,0
6234,0,0,0,0,0,0,0,0,0,0,0,0,0,0,-0,-0,0,0,0,-0
6244,-34,35,-0,-37,37,0,-1,-14,51,0,0,0,0,0,0,0,0,0,0,-88
6246,0,-12,0,0,0,-0,0,0,0,0,0,0,0,0,0,-0,12,0,-0,-0
6419,0,0,-0,0,0,0,5,0,0,0,0,0,0,0,0,0,0,0,0,0
6556,0,0,0,0,0,0,0,0,0,0,0,0,0,0,0,0,0,0,0,0
6560,0,0,0,0,0,0,0,0,0,0,0,-4,0,4,0,0,0,0,0,0
7402,0,-2,0,0,0,0,0,0,0,0,0,0,0,2,0,0,0,0,0,0
8049,0,0,0,0,0,0,0,0,0,0,3,0,0,-0,0,0,0,0,0,0
8064,-0,0,-0,0,0,0,0,-0,0,0,0,0,0,0,-0,0,0,0,0,-0
8069,91,153,671,-53,-57,68,257,530,1489,-23,368,519,283,695,-408,539,-99,-190,-277,-960
8087,0,0,0,0,0,0,0,0,0,0,0,0,0,0,0,0,0,0,0,0
8111,0,0,0,-0,-0,0,-0,-0,0,0,0,0,2,0,-0,-0,0,-0,0,0
8240,0,0,-0,0,0,0,0,0,0,-6,-4,-5,-12,-16,-4,8,0,0,-19,12
3081,7,5,0,5,2,3,-3,5,16,-37,0,-4,17,-4,-1,-11,1,8,-18,-6
3095,0,0,0,0,0,0,0,0,0,0,0,0,0,0,0,0,0,0,0,0
3152,28,5,5,17,-22,-7,-27,13,46,-29,-14,15,-16,-34,-40,18,-84,41,-65,-68
3163,0,-2,1,2,-2,3,-5,4,16,-14,-13,-4,-32,-72,-6,9,-13,-13,-77,-40
3221,0,0,0,0,0,0,-0,-0,0,0,0,0,0,-0,0,0,0,0,0,-0
3234,-0,0,0,0,-0,0,-0,-0,0,0,0,0,0,0,-0,0,0,0,0,0
3306,0,0,0,-1,0,0,0,0,0,-0,1,0,0,0,-0,0,0,0,0,-2
3363,-2,0,0,-1,0,-1,0,1,-5,1,0,0,3,6,0,-4,2,-15,7,13
3466,0,0,0,0,0,0,0,0,0,0,0,0,0,0,0,0,0,0,0,0
3491,-1,0,0,0,0,0,0,0,0,0,-5,0,-7,-2,-1,0,-1,-2,-2,-7
3499,0,0,0,0,0,0,0,0,0,0,0,0,0,0,0,-0,0,0,0,0
3558,0,0,0,0,0,0,0,0,0,0,0,-50,-1,-6,0,0,0,0,0,-1
3564,0,0,0,0,0,0,0,0,0,0,0,0,0,0,0,0,0,-1,0,-0
3632,0,0,0,0,0,0,0,0,0,0,0,0,0,0,0,0,0,0,0,0
3672,0,-0,0,0,0,0,0,0,0,0,0,0,0,-0,0,0,0,0,0,0
3684,0,0,0,0,0,-0,0,0,0,0,0,0,0,0,0,0,0,0,0,0
4903,0,0,0,0,0,0,0,0,0,0,0,0,0,0,0,0,0,0,0,0
4905,-0,0,0,0,0,0,0,0,0,0,0,0,0,0,0,0,0,0,0,0
4908,0,0,0,0,0,0,0,0,0,0,0,-0,0,0,0,0,0,0,0,0
4909,0,0,0,0,0,0,0,0,0,0,0,0,0,0,0,-0,0,0,0,0
4979,0,0,0,0,0,0,-0,0,0,-0,0,0,0,0,0,0,0,0,0,0
5348,0,0,0,0,0,0,0,0,0,0,0,0,0,0,0,0,0,0,0,0
5353,0,0,0,-1,0,0,0,0,0,0,0,0,2,0,0,0,0,0,0,0
6109,0,0,0,0,0,0,0,0,0,0,0,0,0,0,0,0,0,0,0,0
6143,6,-10,4,8,-4,9,33,-3,5,-11,0,-1,-15,-33,2,-7,-9,8,-10,-2
6163,0,0,0,0,0,0,0,-0,-78,0,-76,0,-21,-0,0,0,0,0,0,0
6170,0,0,0,0,0,0,0,-0,0,-0,0,0,0,0,0,0,0,-0,0,0
6190,0,0,0,0,0,0,6,0,0,0,0,0,0,0,0,0,0,0,0,0
6218,0,0,0,0,0,0,0,0,0,0,0,0,-1,0,0,0,0,0,7,0
6241,0,0,0,0,0,0,0,0,0,0,0,0,0,0,0,0,0,0,0,0
6245,15,0,0,0,0,0,0,0,0,-2,-8,0,7,15,0,4,-3,3,-3,5
6263,0,0,0,0,0,0,0,0,0,0,0,0,0,0,0,0,0,0,0,0
6417,0,0,0,0,0,0,0,0,0,0,0,0,0,0,0,0,0,0,0,0
6465,0,0,0,0,0,0,0,0,0,0,0,0,0,0,0,0,0,0,0,0
6470,0,0,0,0,0,0,0,0,0,0,0,0,0,0,0,0,0,0,0,0
6486,0,0,-2,0,0,0,0,0,0,-21,0,0,6,-2,-7,0,0,-6,9,-11
6530,0,0,0,0,0,0,0,0,-1,0,0,0,0,4,0,0,0,0,0,0
6561,0,-1,0,-0,-0,0,0,-0,-0,0,0,-0,-1,-1,-1,-0,1,0,-2,-1
6588,0,0,0,-0,0,0,0,0,0,0,0,0,0,0,0,0,0,0,0,0
8034,-0,0,0,0,0,-0,0,0,0,0,0,0,0,-0,0,0,0,-0,0,0
8048,0,0,0,0,0,0,0,0,0,0,0,0,0,-0,0,0,0,0,0,-0
8059,0,0,0,0,0,0,-0,0,0,0,0,0,0,0,-0,0,0,-0,0,-0
8089,0,0,0,-0,0,0,0,0,0,0,0,0,0,0,0,0,0,0,0,0
8097,0,-0,-2,0,0,0,0,0,0,0,0,2,-6,6,-4,1,3,0,-0,0
8171,0,0,0,-30,0,-30,-40,0,0,0,0,0,0,0,0,0,0,0,0,-0
8176,0,0,0,0,0,0,0,0,0,0,0,0,0,0,0,0,0,0,0,0
1336,0,0,0,0,0,0,-0,0,0,0,6,0,0,0,0,0,0,0,-0,0
1595,2,0,-0,-0,0,0,0,0,-2,0,0,0,0,0,-0,0,0,0,0,0
1815,48,-12,-37,83,24,9,-8,69,67,-235,-87,-114,-388,-381,61,-43,101,90,-1631,-431
3078,14,-8,-9,37,21,-4,-1,23,21,-226,-49,-54,-178,-233,-17,84,-46,91,-166,-355
3089,0,0,0,0,0,0,0,0,0,0,0,0,0,0,0,0,0,0,0,0
3114,0,0,0,0,0,0,-0,0,0,0,0,0,0,0,0,0,0,0,0,-0
3115,0,0,0,0,0,0,0,0,0,0,0,0,0,0,0,0,0,0,0,0
3144,0,0,0,0,0,0,0,0,0,0,0,0,0,0,0,0,0,0,0,-12
3191,0,0,0,0,0,0,0,0,0,0,0,0,0,0,0,0,0,0,0,0
3202,0,0,0,0,0,0,-3,0,-2,-0,-21,0,-0,-2,-0,-0,0,0,-1,0
3206,0,0,0,0,0,0,0,0,0,0,0,-1,-5,0,0,0,0,0,0,0
3207,0,0,0,0,0,0,0,0,0,0,0,0,0,0,0,0,0,0,0,0
3217,-9,9,0,2,0,0,0,0,4,-5,-1,1,-15,-17,-28,14,-2,-14,-10,0
3236,-0,0,0,-0,0,0,0,0,0,-0,0,0,0,0,0,0,0,0,0,0
3276,0,-5,0,-0,-0,0,0,0,0,0,0,0,0,12,5,0,0,0,0,0
3288,0,0,0,0,0,0,-0,0,0,0,0,0,0,0,0,0,0,0,0,0
3290,0,0,0,0,0,0,0,0,0,0,0,0,0,0,0,0,0,0,0,0
3294,0,0,0,0,0,0,0,0,0,0,0,0,0,0,0,0,0,0,0,0
3310,-0,0,0,0,0,0,0,0,0,0,0,-1,-2,0,0,0,0,0,0,0
3313,0,0,0,0,0,0,0,0,0,0,0,0,0,0,0,0,0,0,0,0
3322,0,0,-0,0,0,-0,0,0,0,0,0,0,0,0,0,0,0,0,0,0
3332,0,0,0,0,0,0,0,0,0,0,0,0,0,0,0,0,0,0,0,0
3354,0,0,0,0,0,0,0,-2,0,0,0,0,0,0,0,0,0,0,0,0
3357,0,0,0,0,0,0,0,0,0,0,0,0,0,0,0,0,0,-0,-0,-1
3388,0,0,0,0,4,0,13,2,10,0,33,5,0,2,4,3,0,0,2,5
3390,0,0,0,0,0,0,0,0,0,0,0,0,0,0,-3,0,-0,0,-3,6
3465,0,-1,0,0,0,1,0,0,-1,-8,0,1,-9,-9,0,-0,3,0,-12,-7
3484,-32,2,0,2,11,2,-3,-2,2,-23,-6,-31,-66,-101,-19,-17,3,-31,2,-153
3492,0,0,0,0,0,-3,0,-4,0,0,0,0,0,7,0,0,0,0,-2,0
3511,0,0,0,0,-0,0,0,0,0,-0,0,0,0,0,0,0,0,0,0,-0
3512,-0,0,0,0,0,0,0,0,0,0,0,0,0,0,0,0,0,0,0,-0
3520,0,0,-0,0,0,-8,-1,-0,0,0,-3,-2,0,0,0,0,0,0,0,-3
3526,0,0,0,0,0,0,0,1,3,-0,-5,-1,-6,-5,-5,2,1,1,-23,-260
3537,0,0,0,0,0,0,0,0,0,0,-0,0,0,-26,0,0,0,0,26,0
3548,-15,8,8,2,0,-24,-131,15,0,-17,8,5,-34,-36,0,0,6,47,-76,-15
3597,0,0,0,0,0,0,0,-8,0,0,0,0,0,1,-2,-1,0,0,-65,-5
3609,0,0,0,0,-0,0,0,0,0,0,0,0,0,0,-0,0,0,0,0,0
3624,28,-5,4,15,45,6,13,-0,14,0,44,-8,7,-20,-4,8,-10,-8,-15,-137
3631,0,0,0,0,0,0,0,0,0,0,0,0,0,0,0,0,0,0,-0,0
3646,0,0,0,-0,0,-1,-5,0,0,0,0,-5,0,11,0,0,0,0,0,-0
3689,0,0,0,0,0,0,0,0,0,0,0,0,0,0,0,0,-5,0,0,2
3710,-25,-17,57,0,0,0,-0,-0,-165,60,5,-70,80,90,0,-5,5,-30,20,-5
4542,0,0,0,0,0,0,0,0,0,0,0,0,0,0,0,0,0,0,0,0
4939,-0,0,0,0,0,0,-0,0,0,0,-0,0,0,0,-0,0,0,0,0,0
4974,0,0,0,0,0,0,0,-0,-46,0,0,-5,0,0,0,0,-2,0,-3,-44
5291,-4,0,0,0,3,0,17,0,24,0,50,-20,15,0,-0,-9,0,20,0,0
5309,0,0,0,0,0,0,-0,0,-0,0,0,0,0,0,0,0,0,0,0,0
5321,4,0,0,0,0,0,0,0,0,0,0,0,0,0,0,-0,0,0,0,-0
5328,0,0,0,0,0,0,0,0,0,0,0,0,0,0,0,0,0,0,0,0
5340,0,0,-13,1,0,0,-0,0,3,-25,-60,-65,-259,-46,0,0,-2,-18,-121,-67
5345,0,0,0,0,0,0,0,0,0,0,0,0,0,0,0,0,0,0,0,0
5355,0,0,0,0,0,0,-0,0,0,-0,0,0,0,0,0,0,0,0,0,0
5381,0,0,0,0,0,0,0,0,0,0,0,0,0,0,0,0,0,0,0,0
5439,1,-1,-31,26,-12,12,-21,12,14,-68,-4,-84,-74,-125,19,140,-119,171,-22,-70
5457,70,52,91,-22,293,39,1,147,39,10,10,0,-15,-10,-13,1,-21,-3,-1,-25
5460,0,0,0,0,0,0,0,0,-0,0,0,0,-0,0,0,0,0,0,0,0
5464,0,0,0,0,0,0,0,0,0,0,0,-6,6,0,-0,0,0,0,0,0
5475,0,0,0,0,0,0,0,0,0,0,0,0,0,0,0,0,0,0,0,0
5488,0,0,0,0,0,0,0,-0,0,-0,0,0,0,-0,0,0,0,0,-0,0
5498,0,0,0,0,0,0,0,0,0,0,0,0,0,0,0,0,0,0,0,0
6114,0,0,0,0,0,0,0,0,-1,-0,0,1,0,-8,0,0,0,0,0,2
6124,0,0,0,0,0,0,0,0,0,-0,0,0,0,0,0,0,0,-1,0,0
6126,0,0,0,0,0,0,0,-0,0,-1,-2,0,-28,-69,-7,-4,-1,-19,-94,8
6127,0,0,0,0,0,0,0,0,-0,0,0,0,0,0,-0,0,0,0,0,-0
6134,0,0,0,0,0,0,0,0,-0,0,0,0,0,0,0,0,0,0,0,0
6156,0,0,0,0,0,0,-15,-15,-20,0,0,0,20,0,0,10,0,0,5,-0
6158,-0,0,-0,-0,0,0,-0,-0,0,-0,0,-1,-0,0,0,0,0,0,0,-0
6173,-1,-4,-9,19,24,11,-0,-36,-7,-34,-16,-42,-86,-199,-113,150,-87,-62,-209,-195
6174,0,0,0,0,0,-1,0,0,0,0,0,0,-1,0,0,0,0,0,0,0
6175,6,0,0,3,1,-4,-3,3,-2,-3,0,-16,-32,-49,-19,36,-10,1,-128,-102
6185,0,0,0,0,0,0,0,0,0,0,0,0,0,0,0,0,0,0,0,0
6194,0,-1,0,0,0,0,0,0,-1,0,0,0,0,0,0,0,0,0,0,-0
6203,0,-10,-38,58,-11,-5,-27,-5,85,-135,-33,63,-64,-89,-41,99,76,-69,-2,-38
6204,0,0,0,0,0,0,0,0,0,0,0,0,0,0,0,0,0,0,0,0
6207,-0,0,0,0,-0,-0,0,0,0,-0,0,0,0,0,0,0,0,0,0,0
6208,0,0,-7,1,-0,-5,0,0,-5,-7,0,-24,23,-77,3,12,-61,-164,-86,-44
6210,0,0,0,0,0,0,0,-1,-1,0,-1,0,0,0,0,0,0,0,0,0
6217,0,0,-0,0,0,0,0,-0,0,-10,0,0,0,-100,0,0,-277,0,2,-106
6220,0,0,0,0,0,0,-1,0,0,-1,-3,0,-5,-1,0,-16,-19,-3,-8,-10
6259,0,0,0,0,0,0,-1,0,0,0,0,0,0,0,0,0,0,0,-0,0
6266,0,0,0,0,0,0,0,0,0,0,0,0,0,0,0,0,0,0,0,-0
6274,9,-9,-1,4,-15,31,-27,-62,7,-1,2,-4,-27,-13,-12,56,-11,-6,-95,-163
6279,-4,3,-6,-22,4,4,6,-36,10,-36,-1,-8,-5,-15,-18,32,-21,-19,-53,-88
6284,-5,-41,-60,56,-53,80,12,19,43,-88,52,20,-74,-143,-76,114,-50,39,-73,-86
6290,27,-8,-17,25,-14,74,-5,30,45,-133,-57,-13,-43,15,-383,312,-35,100,-153,-245
6292,0,0,0,0,0,0,0,0,0,0,0,0,0,0,0,0,0,0,0,0
6418,0,0,0,0,0,0,0,0,0,0,0,0,0,0,0,0,0,0,0,0
6432,0,0,0,0,0,0,-0,-0,6,0,0,0,0,-0,0,0,0,0,0,0
6538,0,-0,-4,3,0,0,0,0,1,-1,1,-1,0,0,0,0,-1,-12,-2,-1
6642,-0,0,0,0,1,0,0,0,0,0,0,0,0,0,0,0,0,0,0,0
6664,0,0,0,0,0,0,-2,0,2,0,0,0,0,6,0,0,0,0,0,-0
6727,0,0,0,-3,-0,0,0,0,0,0,0,0,0,0,0,0,0,-0,0,0
8038,0,0,-0,-0,0,0,0,0,0,0,0,0,0,-0,0,0,0,0,0,-0
8042,-0,0,-0,-0,0,-0,-0,-0,0,-0,-7,-7,-21,-41,0,7,-0,0,-30,-3
8043,0,0,-0,1,0,0,0,0,0,-0,0,-0,3,0,0,0,0,0,-0,0
8071,0,0,0,0,0,0,0,0,-5,0,0,0,-0,-3,0,0,0,0,10,0
8074,0,0,0,0,-4,0,-0,0,0,0,-4,-0,0,8,0,0,0,0,0,-1
8080,0,0,0,0,0,0,0,0,0,0,0,0,0,0,0,0,0,0,0,0
8091,0,0,0,0,0,0,0,0,0,0,0,0,0,0,0,0,0,0,0,-0
8093,0,0,0,0,0,0,0,0,0,0,0,0,0,0,0,3,0,5,0,0
8109,0,0,0,0,0,0,0,0,-2,0,0,0,0,0,-13,0,0,0,0,0
8121,0,0,0,22,0,0,-12,0,0,-0,0,-6,0,-36,-3,24,-0,0,-11,-58
8147,0,0,0,0,0,0,0,0,0,0,0,0,0,0,0,0,0,0,0,0
8155,0,0,-2,0,0,0,0,0,0,0,0,0,0,-4,0,0,-6,-7,-29,0
8182,-5,43,80,1,8,0,10,1,86,0,56,-86,-36,-19,-14,26,-6,0,-8,-77
8289,0,0,0,-0,-0,0,6,1,0,0,0,0,0,0,0,0,0,0,0,0
8291,0,0,0,0,0,0,0,0,0,0,0,0,0,0,0,0,0,0,0,0
8358,204,-78,-225,-201,56,251,-360,638,900,-886,427,457,-1847,334,-236,-366,123,231,-1022,-3739
3224,0,0,0,0,0,0,0,0,0,0,0,0,-0,-0,0,-0,0,0,0,0
3232,0,0,0,0,-0,0,0,0,0,0,0,0,-0,0,0,0,-0,0,-0,0
3360,-0,0,0,0,0,0,-0,0,0,-0,0,0,0,-0,0,0,-0,0,0,0
3444,0,0,0,0,0,0,0,0,0,0,0,0,0,0,0,0,0,0,3,0
6113,0,0,0,0,-1,1,0,0,0,0,0,0,0,0,-0,0,0,0,0,0
6118,0,0,0,0,0,0,0,0,0,0,0,0,0,0,-0,0,0,0,-0,0
6154,0,0,0,0,0,0,0,0,0,0,0,0,0,7,0,0,0,0,0,0
6227,0,0,0,0,0,0,0,0,0,0,0,0,0,0,0,0,-1,1,0,0
6265,0,0,0,0,0,0,0,-0,0,0,0,0,0,0,0,0,0,0,0,-0
6270,0,0,-0,0,10,-0,14,0,124,0,0,0,0,0,0,0,0,0,0,0
8032,0,0,0,0,0,0,0,0,0,0,0,0,3,0,0,0,0,0,0,0
8067,0,0,0,0,0,-0,0,0,0,0,0,0,0,0,0,0,0,0,0,0
8068,0,0,0,0,0,0,0,0,0,0,0,0,0,0,0,0,0,0,0,0
8084,0,0,0,-0,0,0,0,0,0,0,0,0,0,0,0,0,0,0,0,-0
8096,0,0,0,0,0,0,0,0,0,0,0,0,0,-0,0,0,0,0,0,-0
3147,0,-0,0,0,0,0,0,0,0,-0,-3,0,0,0,0,-3,0,-1,0,0
3570,0,0,0,0,0,0,0,0,1,0,0,0,0,0,0,0,0,0,0,-0
4953,-20,18,0,-0,-1,0,-3,0,0,-3,-14,1,-19,-23,-4,14,-5,0,-35,-2
5201,0,0,0,0,0,0,-0,0,0,0,0,-0,-0,0,0,-0,0,0,0,0
5202,-0,0,0,0,0,0,0,-0,0,0,-0,-1,0,0,-0,5,0,0,0,0
5209,0,0,0,0,0,0,0,0,0,0,0,0,0,0,0,0,0,0,0,0
5210,0,0,0,0,0,0,0,0,0,0,0,0,0,-0,-0,0,0,0,0,0
5211,0,0,0,0,0,0,0,0,0,0,0,0,0,0,0,0,0,0,0,0
5212,0,0,0,0,0,0,0,0,-0,0,0,-0,0,0,0,0,-1,-0,0,0
5310,0,0,0,0,0,0,0,0,0,0,0,0,0,0,0,0,0,0,0,0
5403,0,0,0,0,0,0,0,0,0,0,0,0,0,0,0,0,0,0,0,0
5410,0,0,0,0,0,0,0,0,0,0,0,0,0,0,0,0,0,0,0,0
6140,0,0,0,0,0,0,0,0,0,-0,0,0,0,0,0,0,0,0,0,0
6148,-0,0,0,0,0,0,0,-0,0,0,4,0,-0,-1,0,0,-0,1,-0,0
6221,0,0,0,0,0,0,0,-0,0,0,0,0,0,0,0,-0,0,-5,0,0
6231,-1,-2,0,0,2,1,-2,2,7,-3,-3,-7,-2,-24,-7,0,-5,1,-5,5
6240,0,0,0,0,0,0,0,0,0,0,0,0,0,0,0,0,0,0,0,0
6516,0,0,0,0,0,0,0,0,0,0,-1,0,0,0,0,0,0,1,0,0
6590,0,0,0,0,0,0,0,0,0,0,0,0,0,0,0,0,0,0,0,0
6593,0,0,0,0,0,0,0,0,0,0,0,0,0,0,0,0,0,0,0,0
6690,0,0,0,0,0,0,0,0,0,0,0,0,-0,0,0,0,0,0,0,0
6697,0,0,0,0,0,0,-1,0,0,0,1,0,0,0,0,0,0,0,0,0
6751,0,0,0,0,0,0,0,0,0,0,0,0,0,0,0,0,0,0,0,0
6752,0,0,0,0,0,0,0,0,0,0,0,0,0,0,-1,0,0,2,0,0
8099,0,0,0,0,-0,0,0,-0,0,0,0,0,0,0,0,0,0,0,0,0
8284,0,0,0,0,0,0,0,0,0,0,0,0,0,0,0,0,0,0,0,0
8416,0,0,0,0,0,0,0,0,0,0,0,0,0,0,0,0,0,0,0,0
1785,-1,1,-1,1,-0,-0,-0,-1,1,1,-1,-1,-0,1,-0,1,-1,-0,0,0
3067,0,0,0,0,0,0,0,0,0,0,0,0,0,0,0,0,0,0,0,0
3093,0,0,0,0,0,0,0,0,0,0,0,0,0,6,0,0,0,-21,-36,-34
3131,1,2,-11,35,-11,1,-0,0,50,-1,-8,-7,-30,-29,10,7,-39,-13,-17,-34
3285,0,0,0,0,-0,0,0,0,0,0,0,0,0,0,0,0,0,0,0,-0
3289,26,10,-0,-7,0,10,-0,0,0,-1,0,-4,-13,-19,0,0,0,0,-33,-54
3303,0,0,0,0,0,0,0,0,0,0,0,0,0,0,0,0,0,0,0,0
3324,21,6,4,-126,45,116,1,-37,17,0,-7,15,-38,-61,-39,61,-18,31,-65,-16
3373,-7,46,23,-17,-42,47,-10,109,-29,42,65,-11,48,-2,0,0,0,0,48,7
3402,0,0,0,0,0,0,0,0,0,0,0,0,0,0,0,0,0,0,0,0
3498,-0,0,0,0,-0,0,0,0,0,0,0,0,0,0,0,0,0,0,0,0
3508,0,-0,0,0,0,-0,0,0,0,0,0,0,0,0,0,0,0,0,0,0
3541,0,0,0,0,0,0,0,0,-0,0,0,0,0,0,0,0,0,0,0,0
3551,0,0,0,0,0,0,0,0,-65,0,-29,0,-5,4,-5,0,0,0,0,-5
3552,188,42,-16,58,203,-9,56,-30,36,18,-23,4,-115,63,-81,-50,127,-15,115,-64
3580,-0,0,0,0,0,0,0,0,0,0,0,-0,0,0,-15,-13,23,-13,18,-16
3587,-2,-14,-31,35,24,11,-13,1,18,-14,-15,-4,-3,-47,-54,106,-3,-4,-31,-70
3628,0,0,0,0,0,0,0,0,0,0,0,0,0,0,0,0,0,0,0,0
3642,-0,0,0,-0,0,-0,0,0,0,0,0,0,0,0,0,0,0,-0,0,0
3663,0,0,0,0,0,0,0,0,0,0,0,0,0,0,0,0,0,0,0,0
4554,0,0,0,0,0,-1,0,0,0,0,-1,0,-1,3,0,0,0,0,-3,0
4760,0,-6,4,-9,0,0,0,-0,0,-5,23,1,7,0,55,0,-0,0,50,90
5205,0,0,0,0,0,0,0,0,0,0,0,0,0,0,0,0,0,0,0,0
5383,0,0,0,0,0,0,0,0,0,0,0,-0,0,0,0,0,0,0,0,0
5452,0,0,0,0,0,0,-0,-0,0,0,0,5,0,0,0,-0,0,0,2,0
5489,0,0,0,0,0,0,0,0,0,0,-0,0,0,-0,0,0,0,0,0,0
5493,0,0,0,0,0,0,0,0,0,0,0,0,0,0,0,0,0,0,0,-0
5536,0,0,0,-0,-3,-1,-1,-2,0,-3,0,-0,0,-9,-0,-0,-0,0,-3,0
6146,0,0,0,0,0,0,0,0,-1,0,-0,0,0,0,-0,0,0,0,0,1
6151,0,0,0,0,0,0,0,0,0,0,0,0,0,-0,0,0,0,0,-0,-0
6187,-197,24,-31,362,-2,5,-49,-64,403,-83,69,-40,-206,-194,-2,255,7,-46,-28,-289
6247,0,0,0,0,0,0,0,0,0,0,0,0,0,0,0,0,0,0,0,0
6275,0,0,0,0,-0,0,0,-0,0,0,0,0,-0,0,-14,0,0,0,0,0
6512,0,-0,0,0,0,0,0,0,0,0,0,0,0,0,0,-3,0,0,0,0
6613,0,0,0,0,0,0,1,0,0,0,4,2,1,3,2,1,0,4,1,1
6654,0,0,0,0,0,0,0,0,0,0,1,0,0,0,-0,0,0,0,0,0
6667,0,0,0,0,0,0,0,0,0,0,0,0,0,0,0,0,0,0,0,0
8047,0,0,0,0,0,0,0,0,0,0,-1,0,0,1,0,0,0,0,0,-0
8085,0,0,-0,0,0,0,0,0,0,0,0,0,0,0,0,0,0,0,0,0
8092,0,0,0,0,0,0,0,0,0,0,0,0,0,0,0,-0,0,0,0,-0
8183,4,5,-7,-7,24,-4,10,2,15,-39,-6,-3,-56,-17,-26,70,4,-4,-52,34
8383,0,-5,0,-5,1,9,8,10,3,-2,-10,-1,-18,-4,0,0,0,-2,-36,-20
8431,3,-6,0,15,0,6,-4,6,13,-13,-9,-16,-27,-26,-7,19,-10,-44,-56,12
8908,0,0,0,0,0,0,0,0,0,0,0,0,0,0,0,0,0,0,0,-0
8917,0,0,0,0,-0,0,0,0,0,0,0,0,0,0,0,0,0,0,0,0
8927,-2,0,1,0,12,7,0,0,1,-17,0,-5,-30,6,34,23,28,42,-28,20
8931,0,0,0,0,0,-0,0,-0,0,0,0,0,-0,0,0,0,0,0,0,0
2596,0,0,0,0,0,0,0,-4,0,0,0,0,0,0,0,0,0,0,0,0
3188,0,0,0,0,0,0,0,0,2,0,0,0,-0,0,0,0,0,0,0,0
3489,0,0,0,0,0,0,0,-3,11,0,0,0,0,-0,0,0,-0,0,0,0
4113,0,0,0,0,0,0,0,0,0,0,-0,0,0,0,0,0,0,0,-0,0
4416,0,0,0,0,0,0,0,0,0,0,0,0,0,0,0,0,0,0,0,-0
4907,0,0,1,0,0,0,0,0,0,0,0,0,0,0,0,0,0,0,0,0
5206,0,0,0,0,0,0,0,0,0,0,0,0,0,0,0,0,0,0,0,0
5213,0,0,-1,0,0,-7,0,0,-57,-6,-68,0,-101,23,0,0,-4,23,54,-21
5324,0,0,0,0,0,0,0,0,0,0,0,0,0,0,0,0,0,-0,-1,0
5455,0,0,0,0,0,0,0,0,0,0,0,0,0,0,0,0,0,0,0,0
5508,0,0,0,0,0,0,0,0,0,0,0,0,0,0,0,0,0,0,0,0
5511,0,0,0,0,0,0,0,0,0,0,0,0,0,0,0,0,0,0,0,0
5512,0,0,0,0,0,12,0,3,0,-5,-2,-55,-9,-26,48,-8,0,-32,48,31
5514,0,0,0,0,0,0,0,0,0,0,0,0,0,0,0,0,0,0,0,0
5516,0,0,0,0,0,0,0,0,0,0,-2,0,0,0,0,0,0,0,0,0
5520,0,0,0,0,0,0,0,0,0,0,0,-0,0,0,0,0,0,0,0,0
5523,0,0,0,0,0,0,0,0,0,0,-0,0,0,-0,-9,-0,-0,0,0,0
5529,0,0,0,0,0,0,0,0,0,0,0,0,0,0,0,0,0,0,-0,0
6171,0,0,0,0,7,0,1,0,-30,0,0,0,0,0,0,0,0,0,0,0
6186,0,-6,5,0,0,-2,0,0,0,-5,0,0,2,3,-2,-7,-14,25,-1,1
6212,0,0,0,0,0,0,0,0,0,0,0,0,-1,0,0,0,1,0,0,0
6219,17,0,0,-1,0,0,-1,0,0,-21,-2,0,-23,-207,141,-11,-25,58,-123,-19
6264,0,0,-0,0,0,0,0,0,0,0,0,0,0,0,0,0,0,0,0,0
8424,0,0,0,0,0,0,0,0,0,0,0,0,0,0,0,0,0,0,0,0
2641,0,0,0,-0,0,-0,0,0,0,0,0,0,0,0,0,0,0,0,0,0
2643,0,0,0,0,0,0,0,0,0,0,0,0,0,0,0,0,0,0,-0,0
5601,0,0,0,0,0,0,0,0,0,0,0,0,-0,0,0,0,0,0,0,0
5603,-0,0,0,0,0,0,0,0,0,0,0,0,0,0,-0,0,0,0,0,0
5604,4,1,1,0,1,0,0,0,0,0,0,0,0,0,0,0,1,1,0,1
5609,-77,261,56,-25,-10,61,-4,-37,124,-48,-19,22,-57,-61,130,146,-5,16,-154,53
1259,0,0,0,0,0,0,0,0,0,0,0,0,0,0,0,0,0,0,0,0
1268,0,0,0,0,0,0,0,0,0,0,3,0,4,2,0,1,0,1,3,1
2718,0,0,0,0,0,0,0,0,0,0,0,0,0,0,0,0,0,0,0,0
2719,0,0,0,0,0,0,0,0,0,0,0,0,0,0,0,0,0,0,0,0
2729,0,0,0,0,0,0,0,0,0,0,0,-1,0,0,0,-8,-1,0,-2,-2
2732,8,2,0,-2,8,2,0,0,0,0,0,-9,-4,0,0,0,0,-1,-3,-3
2734,0,0,0,0,0,0,0,0,0,0,0,0,0,0,0,0,0,0,0,0
2736,0,0,0,0,0,0,0,13,0,0,0,0,0,0,0,0,0,0,0,6
2740,0,0,0,0,0,0,0,0,0,0,0,0,0,0,0,0,0,0,0,0
2743,0,0,0,0,0,0,0,0,-2,0,0,0,2,0,0,0,0,0,0,0
2745,0,0,-0,0,0,0,0,0,0,0,0,0,-0,0,0,0,0,0,0,0
2752,0,0,0,0,0,0,0,0,0,0,0,1,0,0,0,0,0,0,0,0
2754,3,0,-1,0,0,-1,-0,0,0,0,0,-4,0,-3,0,0,0,0,0,0
2755,0,0,0,0,0,0,0,0,-1,0,0,0,1,0,0,0,0,0,0,0
3252,0,0,0,0,1,0,0,0,0,0,0,0,0,-0,0,1,0,0,0,0
3522,0,0,-0,0,0,0,0,0,0,0,0,0,0,0,0,0,0,0,0,0
5301,0,0,0,0,0,0,0,-0,0,0,0,0,0,-0,-0,0,0,0,0,0
5364,0,0,0,0,0,0,0,0,0,-0,0,0,0,0,0,0,0,0,0,0
5701,0,0,0,0,0,0,0,0,0,0,0,0,0,0,0,0,0,0,0,0
5703,0,0,0,0,0,0,0,0,0,0,0,0,0,0,0,0,0,0,0,0
5704,0,0,0,0,0,0,0,4,1,0,0,0,-0,0,0,0,0,0,0,0
8077,0,0,0,0,0,0,0,0,0,0,0,0,0,0,0,0,0,0,0,0
5820,0,0,0,0,0,0,0,0,0,0,0,0,0,0,0,0,0,0,0,0
5864,0,0,0,0,0,0,0,0,0,0,0,0,0,0,0,0,0,0,0,0
5878,0,0,0,0,0,0,0,0,0,0,0,0,0,0,0,0,0,0,0,0
6015,0,0,0,0,0,0,0,0,0,0,0,0,0,0,0,0,0,0,0,0
6016,0,0,0,0,0,0,0,0,0,0,0,0,0,0,0,0,0,0,0,0
6020,0,0,0,0,0,0,0,0,0,0,0,0,0,0,0,0,0,0,0,0
6021,0,0,0,0,0,0,0,0,0,0,0,0,0,0,0,0,0,0,0,0
6023,0,0,0,0,0,0,0,0,0,0,0,0,0,0,0,0,0,0,0,0
6026,0,0,0,0,0,0,0,0,0,0,0,0,0,0,0,0,0,0,0,0
2916,0,-1,0,0,0,0,0,0,1,0,0,0,0,0,0,-1,0,0,0,-0
2937,0,0,0,0,-0,0,0,0,0,0,0,0,0,1,0,0,0,0,0,0
3171,0,0,0,0,0,0,0,0,0,0,0,0,0,0,0,0,0,0,0,0
5902,0,0,0,-3,0,0,0,-1,0,0,0,-2,0,-0,0,0,0,3,0,3
5903,0,0,0,0,0,0,0,0,0,0,0,0,0,0,0,0,0,0,0,0
5904,0,0,0,0,1,2,0,1,0,0,0,0,-1,0,0,0,0,0,-3,-3
5905,0,0,0,0,0,0,0,0,0,-0,0,0,-0,-0,0,0,0,0,0,0
6195,0,0,0,-7,0,0,0,0,-0,0,0,0,0,-0,0,0,0,-0,0,-0
6728,0,-1,1,0,0,0,0,0,-2,0,0,0,0,-1,0,0,-1,-3,0,0
8066,0,0,0,0,0,0,0,0,0,0,0,0,0,0,0,0,0,0,0,0
8433,0,0,0,0,0,0,0,0,0,0,0,-1,0,0,0,0,0,0,0,0
8941,0,0,0,0,0,0,0,0,0,0,0,0,0,0,-0,0,-0,0,0,0
9960,0,0,0,0,0,0,0,0,0,0,-1,0,-2,0,0,0,0,0,0,0
1584,-0,0,0,0,0,0,0,0,0,0,0,0,0,0,0,0,0,0,0,0
2221,0,0,0,0,2,0,0,-1,0,0,0,0,2,0,0,0,0,0,0,-0
2640,0,0,0,0,0,0,0,0,-0,0,0,0,0,0,0,0,0,0,0,0
3284,0,0,0,0,0,0,0,0,-0,0,0,-0,0,0,-0,-0,0,0,0,0
4430,0,0,3,0,0,0,0,0,0,0,0,0,-7,0,0,0,0,0,0,0
4529,0,0,0,0,0,0,0,0,0,0,0,0,0,0,0,0,0,0,0,0
4541,0,0,0,0,0,0,0,-0,0,0,0,0,0,-0,0,0,0,0,0,0
4556,0,0,0,0,0,0,0,0,0,0,0,0,0,0,0,0,0,0,0,0
4950,-0,0,0,0,0,0,0,0,0,0,0,0,0,0,-0,0,0,0,0,0
5306,70,0,2,18,-48,58,3,2,5,-56,42,-2,-51,-62,53,22,-6,-2,-1,-58
5398,0,0,0,0,0,0,-0,0,0,0,0,-0,-0,0,0,0,0,0,0,0
5450,0,0,0,0,0,0,0,0,0,0,0,0,0,0,0,0,0,0,0,0
5481,0,0,0,0,0,0,0,0,0,-0,0,0,0,0,0,0,0,0,0,0
5530,0,0,0,0,0,0,0,0,0,0,0,0,0,0,0,0,0,0,0,0
6179,0,-0,0,0,0,0,0,0,0,0,0,0,63,5,0,0,0,5,0,-1
6199,0,0,0,0,0,0,0,0,0,0,0,0,0,0,0,0,0,0,0,0
6236,0,0,0,0,0,0,0,0,0,0,0,0,0,0,0,0,0,0,0,0
6624,0,0,0,0,0,0,0,0,0,0,0,0,0,0,0,0,0,0,0,0
6803,0,0,-2,0,0,0,2,0,0,0,5,4,4,-1,2,1,0,1,1,1
8342,0,0,0,0,0,0,0,0,0,0,1,0,2,4,2,0,0,3,3,1
8390,197,142,0,7,-20,-48,-216,106,20,-139,-100,-120,-113,-448,363,15,33,123,-143,146
8401,0,0,0,0,0,0,0,-1,0,0,0,0,0,2,0,0,0,0,2,-0
8420,0,0,0,0,0,0,-1,0,0,0,1,0,0,0,0,0,0,0,0,0
8421,-2,0,0,0,0,0,-1,0,0,0,0,0,0,0,0,0,0,0,0,0
8435,0,0,0,0,0,0,0,-0,-0,0,0,0,0,0,0,0,0,0,0,0
8440,0,0,0,0,0,0,0,0,0,0,0,0,0,0,0,0,0,0,0,0
8476,0,0,0,0,0,0,0,0,0,0,0,0,0,0,0,0,0,0,0,0
8905,0,0,0,0,-0,0,0,-0,0,0,0,0,-0,0,0,0,0,0,0,-0
8906,0,0,0,0,0,0,0,-0,0,0,0,0,0,0,0,0,0,0,0,0
8916,-1,-0,40,87,0,-0,0,0,0,-7,0,0,0,110,-20,-20,0,0,0,0
8921,0,0,0,0,0,0,0,0,0,0,0,0,0,0,0,0,0,0,0,0
8924,-2,-53,90,24,-22,104,23,-15,99,49,-42,-287,-208,-164,31,149,-251,-248,-297,265
8928,0,0,0,0,0,0,0,0,0,0,0,0,0,-0,0,0,0,0,3,0
8929,0,0,0,0,0,0,0,0,0,0,0,0,0,0,0,0,0,0,0,0
8932,0,0,0,0,0,0,0,0,0,0,0,0,0,0,0,0,0,0,0,0
8933,0,-20,0,-10,0,0,-30,-10,-40,-200,0,-30,-40,-91,0,0,-10,-100,-223,0
8935,0,-0,0,0,0,0,0,0,0,0,0,0,0,0,0,0,0,0,0,-0
8936,0,0,0,0,0,0,0,-0,0,0,0,-0,0,0,0,0,-0,0,0,0
8937,0,0,0,0,0,0,0,0,0,0,0,0,0,0,0,0,0,0,0,0
8938,81,-35,52,28,52,-27,-1,11,-67,25,-15,-86,-165,-164,87,240,-12,-95,-132,85
8942,0,-2,0,-2,1,-3,2,-62,-2,2,8,-103,-64,-11,133,-2,27,30,-24,-13
2926,0,0,0,0,0,0,0,0,0,0,0,0,0,0,0,0,0,0,0,0
3064,0,0,0,0,0,0,0,0,0,0,0,0,0,0,0,0,0,0,0,0
3083,0,6,0,13,15,-3,20,0,12,2,0,-13,0,-5,0,3,-3,-3,-1,0
3086,0,-1,0,0,0,-0,1,0,0,0,0,0,0,0,0,0,0,0,0,-0
3293,8,-33,11,69,-68,108,-0,39,-13,133,-25,-66,110,-11,-36,62,-70,-8,-131,126
3546,2,12,4,16,0,0,-5,2,-9,41,-3,-2,-10,-16,-2,0,-1,-2,-31,-1
3629,0,0,0,0,0,0,0,0,0,0,0,0,0,0,0,0,0,0,0,0
4806,0,0,0,0,0,0,0,0,0,0,0,0,0,0,0,0,0,0,0,0
4946,0,0,0,0,0,0,-0,-0,0,0,0,0,0,0,0,0,0,0,0,-0
5263,11,2,0,0,3,0,-1,4,10,-8,-4,19,-10,-3,-1,-2,-1,1,6,-6
5478,0,0,0,0,0,0,0,0,0,0,0,0,0,0,0,0,0,-50,0,0
6101,0,0,0,0,0,0,0,0,0,0,0,0,0,0,0,0,0,0,0,-0
6111,-1,9,0,-1,-1,0,0,0,25,-3,-3,-20,-24,-14,0,5,0,1,-11,5
6144,0,0,0,0,0,0,0,0,0,0,0,0,0,0,0,0,0,0,0,0
6169,0,0,0,0,0,0,0,0,-0,0,0,0,0,0,0,0,0,0,0,-0
6180,0,-1,-0,-0,-0,2,-2,-0,0,0,0,0,0,0,0,0,0,0,0,0
6294,5,8,10,7,0,0,0,0,0,0,0,0,0,0,0,0,0,0,0,0
6482,0,0,0,0,0,0,0,0,1,0,0,0,0,0,0,0,0,0,0,0
6542,0,0,0,0,0,0,0,0,0,0,0,0,0,0,0,0,0,0,0,0
6596,0,0,-1,0,0,0,0,0,0,0,0,0,0,0,0,0,0,0,0,0
8446,0,0,-1,0,0,0,0,0,0,0,0,0,-6,-2,-5,-4,2,0,30,0
8450,0,0,0,0,0,0,0,0,0,0,0,0,0,0,0,0,0,0,0,0
8489,0,-0,-0,0,0,0,-1,-2,0,0,0,3,0,0,0,0,0,0,0,0
8923,0,0,0,0,0,0,0,0,0,0,0,0,0,0,0,0,0,0,0,0
9949,0,0,0,0,0,0,0,0,0,0,0,0,0,0,0,0,0,0,0,0
1240,0,0,0,0,0,0,0,0,0,0,0,0,0,0,0,0,0,0,0,0
4171,-19,0,-3,-78,-8,9,-5,33,218,0,81,-17,-2,-9,0,15,12,1,-1,1
6508,0,0,0,0,0,0,0,-0,0,0,0,0,0,0,0,0,0,0,0,0
6578,0,0,0,0,0,0,0,0,0,0,0,0,0,0,0,0,-0,0,0,0
3085,0,0,0,0,0,0,0,0,0,0,0,0,0,0,0,0,0,0,0,0
3687,0,0,0,0,0,0,0,0,0,0,0,0,0,0,0,0,-1,0,0,0
5278,0,0,0,0,0,0,0,0,0,0,0,0,0,0,0,0,2,0,0,2
5287,0,0,0,0,0,0,0,0,0,0,-1,0,1,0,0,0,0,0,0,0
8044,42,40,-108,-53,-175,-81,130,30,178,4,32,-9,364,-78,39,108,-8,-8,-63,-3
8472,0,0,0,0,0,0,0,0,1,0,0,0,-1,0,0,0,0,0,0,-0
8477,0,0,0,0,0,0,-0,-0,0,0,0,0,0,0,0,0,0,0,0,0
