stockNum,thisMonth,monthIncreasing,yearIncreasing
1101,9672128,-1.10,-1.69
1102,7830830,11.76,15.98
1103,185227,-9.18,16.63
1104,523569,-8.94,8.80
1108,345563,-1.13,-14.50
1109,766026,-13.22,-0.86
1110,143902,-1.68,-1.31
1201,1567125,3.98,6.36
1203,470972,-5.82,-2.15
1210,8512993,5.46,37.74
1213,31631,4.75,41.10
1215,1997700,-1.59,7.86
1216,38356552,-0.27,9.75
1217,273615,-25.47,-6.03
1218,810520,1.36,28.54
1219,1240389,-1.34,21.85
1220,262030,-2.81,21.70
1225,1020599,-9.28,19.22
1227,2337076,20.55,-21.50
1229,724446,-16.16,-3.22
1231,695795,-1.36,7.66
1232,1916817,6.16,52.24
1233,141150,-4.82,14.85
1234,687081,-6.36,10.75
1235,1112,10.20,-41.71
1236,100156,-13.12,-2.14
1702,1680650,-1.85,20.36
1737,309644,6.64,17.12
1301,24367037,-2.60,65.17
1303,34904534,1.54,71.00
1304,6028023,-2.92,71.96
1305,1493823,-18.08,108.08
1307,697674,-25.17,23.96
1308,800995,17.85,84.90
1309,1876788,1.69,62.91
1310,1126664,66.39,90.63
1312,1949387,6.21,77.05
1313,7594888,5.25,88.30
1314,2814860,-3.43,105.93
1315,166442,-9.44,20.26
1321,544134,-14.09,75.08
1323,303256,-1.14,-2.64
1324,83533,-24.99,0.15
1325,136427,-2.18,-56.87
1326,33047596,2.69,82.23
4306,1537466,-5.33,33.67
1402,18494363,-6.39,16.20
1409,3774406,-10.43,56.57
1410,42253,-2.11,19.97
1413,249530,2.72,182.84
1414,68982,-3.49,35.56
1417,113051,15.55,130.68
1418,6270,70.89,712.17
1419,244757,14.63,50.88
1423,17732,-20.37,11.96
1434,3090691,-5.90,28.43
1439,5984,-46.22,89.36
1440,1891812,-13.06,82.53
1443,54808,-9.14,34.89
1444,771799,-5.57,25.78
1445,95403,-4.82,78.84
1446,10098,-56.99,-80.36
1447,1910183,-16.89,192.64
1449,251070,1.15,192.64
1451,572110,-20.88,306.91
1452,162389,-19.26,467.17
1453,38,0.00,-32.14
1454,127762,0.02,29.66
1455,886296,7.33,130.40
1456,58290,32.56,-20.29
1457,371454,2.57,132.01
1459,221026,-13.75,150.35
1460,740461,0.98,118.32
1463,45616,11.42,58.91
1464,857655,-6.57,65.03
1465,16147,-43.38,-38.56
1466,262488,-16.77,183.62
1467,487758,-10.13,146.52
1468,118037,39.66,6.56
1470,76700,-5.66,93.74
1472,51915,178.61,214.50
1473,384725,-36.93,25.45
1474,265400,-19.28,40.22
1475,10945,-41.39,546.10
1476,3158046,1.48,111.81
1477,2345903,-10.75,107.04
4414,1295215,-6.33,40.15
4426,51413,-39.02,-19.68
4438,625008,19.50,31.10
1503,2429347,-3.57,28.87
1504,4181903,-5.73,22.65
1506,67722,-33.41,48.66
1507,1494053,-0.89,25.31
1513,1678387,-23.87,38.58
1514,386044,-7.95,-10.50
1515,1471519,12.98,197.58
1517,385312,-4.94,71.06
1519,683460,-3.66,43.83
1526,155818,4.33,85.61
1527,335787,-22.52,32.51
1528,287133,-16.72,5.29
1529,20595,29.92,-64.40
1530,311109,-24.59,7.33
1531,260585,-1.71,78.63
1532,1289068,-22.14,54.84
1535,640253,-11.34,3.22
1537,611767,-5.30,21.29
1538,18568,-35.89,-33.58
1539,243445,12.16,54.33
1540,42144,4.21,638.97
1541,475146,0.04,16.24
1558,800381,-14.27,58.49
1560,480526,-7.90,6.70
1583,594390,-14.27,39.71
1597,161737,4.98,24.05
2049,2236269,3.50,28.01
2241,85375,-1.41,21.10
2371,2218017,-3.09,-9.02
3167,428134,17.39,139.84
4526,802071,1.19,26.61
4532,2222346,-0.44,32.62
4540,268079,-8.67,10.84
4555,184820,7.85,16.51
4562,66711,14.78,24.68
4564,160262,-22.81,18.72
4566,367012,-9.49,43.50
4572,33276,4.43,2.23
4576,265557,-7.05,13.88
8222,31271,10.79,-0.67
8374,306808,-7.10,13.67
8996,202151,7.76,23.57
1603,148748,-54.60,-4.99
1604,683761,2.03,18.32
1605,12244761,7.20,-5.18
1608,808397,-11.74,61.47
1609,2105240,-12.65,42.56
1611,147596,-2.12,-12.48
1612,496329,-19.10,51.75
1614,453266,18.12,11.00
1615,885445,149.82,186.05
1616,204612,-22.58,-27.68
1617,445931,1.66,73.94
1618,176037,-13.29,-11.34
4930,975530,8.50,50.39
5283,541955,4.19,25.49
1708,415078,35.60,22.29
1709,754119,-14.75,14.15
1710,2601336,-3.91,75.91
1711,793963,-6.66,42.80
1712,1509545,-16.45,-2.61
1713,47429,-10.46,26.61
1714,1732500,-5.70,-18.65
1717,4718326,5.91,48.61
1718,2680593,-8.23,27.16
1721,212536,-23.69,-10.56
1722,858319,-10.94,-6.16
1723,649410,-8.13,95.44
1724,206642,24.12,43.85
1725,975515,-1.72,59.59
1726,673100,-12.66,7.22
1727,157320,-3.59,4.12
1730,185384,-12.07,-25.33
1732,55982,8.66,-10.41
1735,286670,-6.16,82.18
1773,855267,0.47,29.53
1776,136020,-16.33,33.93
3708,1163838,28.85,54.40
4720,303251,-6.93,23.88
4722,402600,-11.30,27.72
4739,642018,1.10,60.15
4755,301878,-12.55,2.33
4764,226738,-11.11,-9.15
4766,1556128,-8.41,32.10
1598,1004666,-21.25,29.93
1701,647486,4.03,-7.64
1707,762506,-7.05,13.32
1720,390132,-1.22,5.34
1731,116540,24.97,55.94
1733,157667,-9.92,20.46
1734,202986,-3.26,2.96
1736,2259849,-12.59,36.31
1760,99343,-10.24,2.30
1762,79533,-41.67,-56.80
1783,29919,-38.49,1.68
1786,30424,-47.25,6.49
1789,234064,-2.94,-33.52
1795,1157472,5.18,46.44
3164,28873,-29.27,10.91
3705,604258,-2.57,-13.87
4104,533199,-1.59,-1.89
4106,175798,-26.44,20.45
4108,19106,104.38,257.25
4119,46551,-40.79,-83.04
4133,32203,-9.56,-7.56
4142,1977,-60.10,-60.57
4155,84995,-3.67,-22.85
4164,158515,-11.68,-39.85
4737,130341,-1.20,10.90
4746,294885,16.29,18.48
6491,478344,12.66,90.53
1802,4954460,1.23,67.70
1806,272636,17.47,-31.94
1809,178576,-6.10,30.00
1810,455094,1.64,19.44
1817,205788,-10.99,6.68
1903,13658,-84.88,-10.99
1904,3720469,-4.19,17.05
1905,1937683,-6.45,18.11
1906,13997,1.57,-86.86
1907,7325248,-4.48,16.51
1909,3813448,17.14,31.27
2002,36906048,0.03,45.10
2006,5071187,2.04,46.65
2007,552310,-3.00,28.71
2008,127751,15.75,111.05
2009,242517,-20.18,29.14
2010,2204533,6.71,43.54
2012,949483,4.11,45.99
2013,1083852,-18.63,-2.23
2014,4011635,1.62,58.08
2015,2969908,-10.96,30.43
2017,406409,6.99,90.82
2020,505460,-0.73,46.22
2022,905818,-21.24,37.81
2023,7040344,4.56,68.73
2024,130363,-4.21,68.24
2025,83818,-46.90,105.07
2027,8504918,4.88,127.44
2028,1002548,-11.30,66.43
2029,1245262,18.81,110.89
2030,1131432,-6.63,21.07
2031,1187740,8.79,62.08
2032,276624,-0.37,22.56
2033,68627,-13.40,7.91
2034,1268314,-10.38,37.49
2038,805877,-13.40,3.93
2069,975613,1.63,72.27
2211,788423,-34.31,15.31
3004,89725,-29.29,-38.53
5007,610860,-4.14,153.88
9958,609554,1.52,68.88
2101,629066,-10.28,46.72
2102,111960,-5.88,-56.28
2103,3011563,-1.56,54.49
2104,2028567,8.20,181.42
2105,8748853,-20.45,32.12
2106,3107767,-5.46,41.53
2107,232755,-26.10,48.11
2108,2628840,7.70,176.83
2109,445936,-11.28,59.84
2114,166373,1.48,38.45
6582,832321,-10.29,137.09
1319,1463614,-13.34,43.94
1339,170515,0.01,13.24
1512,102657,35.23,48.86
1521,392103,-20.85,85.78
1522,1359787,-5.46,68.94
1524,121778,-29.52,22.94
1525,116157,-4.39,19.48
1533,229800,9.02,47.26
1536,558067,2.96,231.18
1568,155613,-5.56,53.68
1587,221466,10.73,108.48
2201,5907703,-18.94,-11.10
2204,2621175,-3.83,21.32
2206,3712547,0.98,35.22
2207,20954091,-6.21,12.66
2227,2590565,1.01,2.38
2228,303370,-20.15,56.44
2231,402870,-9.29,96.97
2233,309068,8.79,66.93
2247,4073587,5.58,30.88
2497,185709,4.19,171.01
3346,464211,36.21,25.92
4551,758924,-7.72,58.76
6288,287847,-22.13,298.60
6605,1355831,-12.32,71.81
2302,65856,10.80,44.61
2303,16382058,-1.42,8.78
2329,1368280,-4.37,12.39
2330,111314794,-13.79,15.95
2337,3810816,5.61,11.15
2338,479967,13.46,35.56
2342,138952,-6.22,-14.98
2344,8304909,4.23,90.97
2351,920273,4.50,35.20
2363,16253,-25.68,-38.45
2369,651712,1.37,47.47
2379,7811945,-3.02,41.17
2388,468545,-14.16,4.90
2401,669462,4.05,35.78
2408,7394273,15.39,31.57
2434,13600,2.17,22.91
2436,270935,-9.06,14.87
2441,1591489,1.38,37.38
2449,2757602,3.43,6.68
2451,1289337,-4.32,63.15
2454,36571590,-8.90,77.99
2458,1712236,0.01,64.79
2481,1145856,-1.23,31.26
3006,2011711,5.32,64.51
3014,576001,6.23,62.10
3016,395568,5.58,11.82
3034,11083873,16.31,69.36
3035,558416,-3.35,52.18
3041,244150,13.62,75.41
3054,3315,-28.57,-90.82
3094,29001,23.15,18.85
3189,2732110,1.93,32.55
3257,108477,2.45,52.66
3413,1034877,10.90,20.38
3443,1011945,-23.39,-6.11
3530,333001,-2.50,96.60
3532,956367,-1.80,-6.10
3536,54313,-4.69,4.89
3545,1908675,25.24,102.32
3583,404880,12.79,63.11
3588,165969,8.88,42.94
3686,16531,33.32,154.91
3711,41333449,-1.59,17.08
4919,3495440,-10.40,269.41
4952,301697,6.34,30.80
4961,1751503,16.43,144.87
4967,611842,0.45,12.92
4968,614232,2.12,105.77
5269,444871,-12.54,0.08
5285,566678,9.57,49.39
5471,547974,9.23,-0.78
6202,523085,-10.22,12.67
6239,6671415,2.49,1.63
6243,75906,1.22,14.88
6257,1350187,12.82,40.01
6271,1112037,-4.53,88.17
6515,185151,-9.21,-37.52
6531,518317,5.11,90.89
6533,53911,17.30,23.70
6552,273400,2.14,15.02
6756,266771,4.09,65.01
8016,1765268,13.53,84.69
8028,233617,3.05,14.69
8081,769287,2.06,24.56
8110,730826,50.88,32.57
8131,840933,-1.64,0.92
8150,2283389,-2.61,23.13
8261,310696,-18.94,28.98
8271,784520,-8.27,28.36
2301,13642841,3.05,-0.76
2305,53021,7.19,4.89
2324,89350327,-17.38,-5.25
2331,2244933,-1.18,-16.22
2352,17346469,-7.53,19.73
2353,24949924,-10.07,26.34
2356,38194670,-6.84,-22.50
2357,39139014,-14.73,72.15
2362,1858099,-2.66,6.44
2364,93000,27.29,31.12
2365,87361,-47.24,-25.02
2376,11047434,0.34,79.17
2377,15077434,-14.94,42.12
2380,286603,2.45,217.65
2382,84836851,-10.18,1.72
2387,2160395,7.06,26.54
2395,4675360,-7.07,6.42
2397,692175,-6.72,0.83
2399,212013,-8.92,59.92
2405,134823,-7.41,-1.71
2417,471004,7.14,48.51
2424,1147,-43.30,53.95
2425,470447,5.32,77.10
2442,874108,9668.75,184.16
2465,1025636,49.03,138.60
3002,51419,6.78,-22.07
3005,2963080,6.75,14.72
3013,317611,-24.82,-49.91
3017,4484334,3.47,6.28
3022,513413,-8.12,9.20
3046,185911,-19.08,19.54
3057,51161,-39.33,-25.51
3060,272735,-13.87,24.90
3231,68220509,-1.26,2.01
3416,173082,-18.03,41.73
3494,43297,23.54,53.06
3515,1945465,9.83,46.10
3701,783043,-3.37,33.74
3706,4136027,6.16,50.25
3712,495242,-52.72,-5.14
4916,212799,13.90,-34.93
4938,93054564,15.77,-10.34
5258,283512,-21.92,0.65
6117,171395,-15.06,-2.28
6128,401770,-5.03,113.41
6166,733980,-12.74,7.04
6172,44885,-9.28,6.63
6206,405638,32.35,29.95
6230,760984,-21.07,1.87
6235,209501,13.62,64.91
6277,399492,-18.44,10.32
6414,7016323,-14.18,17.14
6579,379459,-23.40,-21.86
6669,16616629,8.31,25.80
8114,662960,-1.85,13.77
8163,2525742,15.31,39.41
8210,760631,-5.52,-0.43
9912,58831,29.17,115.60
2323,637002,-18.08,-7.58
2340,509918,-4.65,9.82
2349,660828,2.70,32.28
2374,258395,5.10,-4.81
2393,2066504,-5.16,6.77
2406,706188,-5.28,22.02
2409,29600923,-3.64,46.80
2426,279978,0.99,25.62
2438,33949,-4.33,18.92
2466,70422,-11.21,16.77
2486,490178,-0.86,37.85
2489,1462046,-21.81,39.85
2491,218921,2025.24,943.97
3008,3398663,-15.25,-26.99
3019,1668547,-6.33,39.63
3024,116649,-10.02,16.86
3031,163942,21.15,35.96
3038,337156,-5.22,17.61
3049,269209,-16.47,27.40
3050,81551,-2.05,11.31
3051,312577,17.57,39.23
3059,748711,-10.09,45.04
3149,192395,-11.27,-11.96
3356,107173,0.34,41.01
3383,50927,0.18,-0.52
3406,674298,-17.27,-28.31
3437,331030,-40.48,-28.11
3454,468894,-1.24,1.15
3481,30345891,-2.07,46.90
3504,377244,-23.08,11.97
3535,86784,-48.15,26.44
3543,278227,-6.96,33.83
3563,230980,-18.15,-9.73
3576,1015150,-30.79,19.54
3591,203476,5.96,7.47
3622,125232,-18.89,229.60
3669,356337,9.18,68.97
3714,2911948,13.71,9790807
4934,210900,38.70,11.63
4942,708641,-6.23,27.96
4956,150737,-4.13,39.87
4960,901892,-12.67,7.64
4976,142861,-16.55,127.06
5234,365522,0.32,-3.09
5484,42636,30.37,101.12
6116,2750339,-9.16,170.37
6120,1618373,-6.20,71.88
6131,3545,-73.45,1358.84
6164,76054,11.24,-7.78
6168,272549,12.59,46.04
6176,4924942,-0.63,-3.52
6209,273106,-12.31,17.77
6225,1042,-55.56,183.15
6226,81608,12.44,7.76
6278,4945016,11.78,55.05
6289,5354,-24.79,0.26
6405,44178,-1.11,8.07
6443,454450,9.83,12.29
6477,91238,-3.36,-34.84
6668,105394,-31.63,-16.72
6706,429677,5.73,79.13
8104,154408,-3.98,0.26
8105,895224,4.31,49.11
8215,1369750,-1.67,11.85
2314,310826,-3.89,-3.36
2321,81357,-11.65,-17.37
2332,1155108,-16.14,41.06
2345,4624529,-10.90,13.56
2412,16340190,0.71,3.96
2419,749862,-20.69,32.24
2439,2830459,13.45,36.82
2444,103635,-42.77,40.97
2450,2205259,-7.21,21.74
2455,288878,-15.43,46.57
2485,521919,9.08,-29.12
2498,380022,-16.42,27.88
3025,32117,-17.17,91.11
3027,85926,25.15,25.36
3045,11237224,-4.20,13.38
3047,434633,0.15,-12.46
3062,309978,-10.83,-33.21
3138,129821,-6.50,27.64
3311,151712,-2.39,78.43
3380,2143116,-13.84,1.93
3419,138041,14.28,6.28
3596,3278819,-3.60,13.89
3682,1075581,9.63,-3.38
3694,885688,-9.14,-6.20
3704,1803690,-29.41,36.97
4904,6359087,-3.30,3.55
4906,2107273,2.88,10.19
5388,3268553,-3.59,27.52
6136,53056,32.38,10.13
6142,203461,-37.17,1.93
6152,277482,27.61,64.43
6216,68009,-13.42,4.13
6285,5137151,-10.61,4.59
6416,300463,-31.28,-29.44
6426,51629,-8.05,-10.65
6442,243139,2.92,9.14
6674,237623,-9.00,26.76
8011,113634,-3.89,-16.56
8101,68118,-8.95,-69.23
1471,40805,-23.07,-36.52
1582,873364,-3.54,-13.68
2059,508572,7.02,37.34
2308,26438926,-2.17,13.48
2313,4520054,-0.16,-2.38
2316,398406,-10.26,-11.86
2327,9017470,3.33,103.05
2328,1644004,-7.06,-6.94
2355,1406327,-13.20,40.31
2367,1027439,-6.85,32.36
2368,2128600,-1.67,-4.68
2375,695096,10.00,66.45
2383,2951523,4.72,32.53
2385,8004716,-11.97,-9.97
2392,6391299,0.66,-9.47
2402,543979,0.75,27.73
2413,325289,-12.22,2.49
2415,249181,9.51,56.76
2420,247947,30.11,39.24
2421,1122420,-7.41,-10.33
2428,629181,4.09,24.08
2429,105950,-3.43,65.68
2431,158564,1.35,22.59
2440,410043,-6.20,65.38
2456,1623774,4.40,3.22
2457,995845,9.15,33.67
2460,424145,17.54,39.55
2462,449291,25.13,6.83
2467,609269,6.45,107.79
2472,815338,6.86,19.26
2476,542646,5.55,28.71
2478,537860,-11.85,11.72
2483,172975,3.87,2.81
2484,273894,4.65,24.93
2492,3948602,5.07,45.11
2493,215669,-13.13,-9.44
3003,393374,1.20,33.36
3011,136785,38.79,3.84
3015,1469714,-2.39,24.69
3021,261969,-6.33,19.20
3023,2157280,0.90,24.48
3026,1414997,-11.56,10.39
3032,701447,-17.30,-1.92
3037,7866654,1.34,7.62
3042,1592403,39.85,83.99
3044,5147940,1.11,23.95
3058,391713,2.89,5.09
3090,994536,3.43,6.46
3092,234424,-2.64,-22.86
3229,38066,-10.79,10.36
3296,287965,11.45,50.40
3308,28295,-1.25,-25.83
3321,191963,7.91,13.85
3338,408089,-11.16,-30.98
3376,1115878,13.50,-9.13
3432,4283,10.10,57.75
3501,467263,3.50,46.42
3533,1752452,4.12,2.06
3550,435200,-5.68,24.70
3593,54158,8.00,-6.81
3605,946342,15.13,35.22
3607,317223,0.07,14.78
3645,188632,-6.79,-6.15
3653,684674,2.03,10.57
3679,402258,4.61,-1.53
4545,155939,1.65,21.90
4915,6066898,5.38,-6.83
4989,349409,-9.79,55.55
4999,277885,3.67,12.59
5469,4415883,0.62,14.36
6108,778342,7.98,2.01
6115,645127,-7.50,13.99
6133,78408,-0.97,-9.84
6141,343205,-6.00,27.36
6153,1174552,-8.77,-18.50
6155,67873,0.97,29.78
6165,198881,-7.83,315584.12
6191,2258426,-2.36,22.70
6197,325703,9.19,4.13
6205,138887,21.47,-1.66
6213,2689223,-2.28,10.67
6224,212368,11.61,41.49
6251,1223141,-8.56,31.49
6269,2391592,2.54,8.11
6282,1633322,-11.92,-12.98
6412,3162400,-10.61,-1.82
6449,232095,-1.75,13.23
6715,216759,38.06,-11.48
8039,745170,-3.43,2.22
8046,4139307,7.06,40.91
8103,331236,2.25,1.80
8213,2084966,-8.78,3.52
8249,375953,18.15,22.76
2347,31828300,-3.86,37.79
2414,1687495,-12.77,6.87
2430,1694800,11.45,17.62
2459,593108,9.23,17.48
3010,5588007,-5.50,6.01
3028,3217531,-15.27,38.42
3033,6531297,4.85,31.99
3036,35794148,5.95,28.38
3048,7970218,-8.93,-0.47
3055,281608,-22.06,20.17
3209,4528328,16.46,23.06
3312,1520228,-3.14,33.86
3528,563122,1.71,34.57
3702,66372523,-2.53,19.04
5434,3755934,9.69,10.12
6189,2702551,-3.01,1.91
6281,1673879,30.39,10.54
6776,1248155,-1.45,-10.59
8070,1594942,-3.75,14.86
8072,121805,-11.09,103.94
8112,16199282,-19.31,79.01
2427,272306,44.99,65.61
2453,453411,7.49,3.48
2468,226481,9.25,39.52
2471,61894,27.01,34.70
2480,459133,-13.35,6.29
3029,919411,-18.39,26.39
3130,163406,-7.36,27.64
4994,235398,-14.81,-7.82
5203,168132,32.11,14.58
6112,867210,-14.49,-28.04
6183,148008,-18.96,19.72
6214,2213247,-18.42,14.06
2312,11601677,-4.36,82.68
2317,500490784,13.43,31.38
2354,6833936,11.22,-5.41
2359,330294,-11.90,-12.49
2360,1461163,-1.02,26.03
2373,1204461,4.55,9.26
2390,72128,72.06,58.50
2404,1926907,-20.76,-36.71
2423,206478,-14.24,16.58
2433,335134,1.38,-0.73
2461,538401,-11.69,7.30
2464,768132,1.72,12.47
2474,3803553,-16.43,-50.72
2477,286328,26.60,21.39
2482,66909,4.78,-7.57
2488,208052,29.06,108.53
2495,95003,-3.35,-2.52
3018,166449,-0.50,76.77
3030,562339,15.16,17.00
3043,87431,9.01,-5.29
3305,533035,-6.85,26.69
3450,615756,-2.79,7.84
3518,85842,15.64,30.27
3617,765507,0.80,33.82
6139,1764865,21.97,46.10
6192,597714,19.76,29.64
6196,2553798,-7.61,29.58
6201,294314,-19.55,18.93
6215,165552,-1.31,-10.90
6283,231841,-14.73,99.94
6409,1376331,-0.14,8.08
6438,349823,-16.36,16.41
6558,162240,-15.28,2.93
6698,60824,-4.03,61.91
6743,511318,-15.39,148.64
8021,298959,16.91,27.12
8201,48504,-43.48,-24.98
2616,1538012,-1.64,41.35
6505,46553948,-0.28,110.14
8926,574267,-26.24,-10.53
9908,281124,-11.09,-13.77
9918,169418,-9.62,-15.49
9926,188442,-5.10,-13.97
9931,103600,-4.64,-6.35
9937,1769828,-2.68,59.44
1316,110280,68.50,-49.79
1436,387958,-6.45,1270.05
1438,14,-96.20,421
1442,56129,-56.88,-29.58
1805,46952,1139.49,-20.83
1808,816258,-55.61,138.75
2501,476802,-29.28,40.63
2504,2039703,4.18,28.95
2505,1482218,40.29,1222.13
2506,141539,24.28,89.92
2509,94154,-8.82,132.01
2511,954929,-14.24,27.81
2515,1331837,8.09,20.54
2516,728707,59.99,68.17
2520,1369639,-30.04,-26.30
2524,562885,-7.01,-34.77
2527,503674,-11.30,160.10
2528,138013,-1.32,657104.76
2530,745,-0.93,13.74
2534,168323,-50.30,62.39
2535,1176113,-3.79,60.05
2536,25104,-52.76,-95.25
2537,114,0.00,-99.98
2538,15527,-55.10,38.34
2539,263,12.39,-99.96
2540,428651,-12.93,95.39
2542,3850224,-20.31,-34.06
2543,664031,10.86,32.01
2545,1131071,205.59,339.13
2546,808580,-21.96,-36.57
2547,430805,8.06,7.57
2548,1110724,14.19,-57.66
2597,1897598,19.25,104.94
2841,30361,30.68,53.91
3052,311264,1.14,-33.12
3056,7981,-83.96,-79.52
3266,60980,-17.56,-61.84
3703,2003938,-14.57,40.28
5515,418566,8.42,-34.78
5519,1038694,118.02,254.89
5521,235577,131.03,-27.36
5522,1609581,-16.64,-23.34
5525,64202,-2.85,-3.14
5531,169716,56.04,20.75
5533,373020,406.03,500.40
5534,102563,56.15,-75.31
6177,13189,141.77,-86.98
9906,12,-7.69,-99.94
9946,110783,58.71,1.37
2208,1111284,-14.28,-39.33
2603,27749820,-13.74,95.20
2605,255934,-9.15,-17.74
2606,1137489,16.09,112.06
2607,572772,-6.34,0.89
2608,990238,-10.56,3.70
2609,21697633,3.28,103.35
2610,10873663,4.29,30.65
2611,63542,22.71,44.39
2612,257405,-7.68,4.80
2613,255825,0.03,10.49
2615,14939036,16.18,178.90
2617,265617,7.20,33.80
2618,8062232,12.34,36.88
2630,314414,-12.69,1.73
2633,3798528,9.42,86.74
2634,1964748,10.56,45.11
2636,2061018,11.61,64.15
2642,321269,1.63,6.52
5607,187434,-4.61,23.84
5608,342210,18.22,71.64
8367,172599,-4.54,6.61
2701,27661,27.90,91.87
2702,58697,2.86,160.72
2704,157530,2.54,126.52
2705,124642,38.87,245.71
2706,23284,0.82,41.56
2707,470775,3.28,76.25
2712,40586,26.71,114.64
2722,63313,18.31,134.12
2727,1477296,0.22,70.92
2731,235259,10.24,132.76
2739,242789,-5.91,141.94
2748,129175,-9.91,139.17
5706,9328,44.17,-19.93
8462,323840,-3.58,23.82
8940,67212,-0.23,462.34
9943,227148,6.87,59.22
2801,2120784,-14.89,-14.87
2809,906968,-17.37,48.54
2812,1171528,1.20,28.31
2816,890448,16.45,23.49
2820,251972,1.86,34.27
2823,21246449,-32.87,1.61
2832,590966,-6.85,30.47
2834,1864444,-5.31,7.51
2836,328407,-24.52,17.19
2838,1651177,23.11,26.21
2845,915129,-3.20,-25.63
2849,515700,0.15,7.23
2850,1510781,2.29,16.70
2851,1562946,-3.88,11.09
2852,574636,1.05,3.58
2855,2244945,126.86,126.54
2867,10681651,-29.09,-5.18
2880,4243157,-9.22,7.28
2881,43051005,-7.02,22.74
2882,59118746,-26.03,1.03
2883,13750281,-38.03,4.85
2884,5041653,3.33,1.59
2885,11557232,-6.38,44.09
2886,5860327,0.41,-16.53
2887,4090025,-2.80,2.99
2888,17289410,8.75,-12.80
2889,867174,-0.42,15.72
2890,3581133,-14.54,8.63
2891,12323459,-2.82,-34.19
2892,5456973,-14.12,1.24
2897,929120,13.91,39.96
5876,2951440,-22.19,-3.31
5880,4612615,8.42,6.44
6005,1130686,-0.63,20.79
6024,201041,-12.44,-1.45
1432,76668,4.98,7.47
2601,503140,-18.70,21.90
2614,450475,7.60,26.87
2901,8650,7.80,8.88
2903,2944976,-11.14,15.30
2905,21778298,36.40,176.80
2906,693497,1.41,37.67
2908,3461563,-14.96,5.26
2910,35169,-69.17,13.99
2911,296764,0.16,5.85
2912,21189179,-4.27,11.88
2913,34433,12.77,59.99
2915,241407,27.10,46.08
8443,98941,8.74,41.43
8454,5803340,-4.99,20.27
1342,139188,-21.75,77.57
1416,21528,-21.13,-35.50
1435,1290,17.91,3.86
1437,44945,-3.15,13.28
1516,191365,107.95,167.56
2062,763375,-0.98,86.67
2348,423915,-0.61,145.13
2358,162805,-0.88,-3.23
2443,10780,-89.88,-52.94
2496,55209,-5.98,-24.00
2514,670879,-34.43,-18.36
2904,44725,-5.20,-12.63
3040,12623,-22.25,16.99
3557,394124,3.24,44.95
4536,661870,-8.23,7.52
6184,163196,-0.60,-0.41
6464,350368,-1.66,-3.59
6504,592022,-2.58,-25.13
6581,161109,141.48,-11.39
6592,1421765,-0.38,25.23
6625,56769,-34.24,348.73
6655,200642,-4.66,22.32
6670,1948100,-0.72,120.84
6754,330073,10.01,11.00
8033,117318,-0.14,85.86
8341,268198,-6.94,31.96
8422,232095,-24.29,15.41
8463,345206,24.97,45.25
8464,2374013,-8.13,39.73
8473,262996,-39.01,-16.36
8478,374656,-13.54,14.15
8481,127366,-11.68,86.04
9902,14413,-31.85,-72.49
9904,22276195,-9.87,4.68
9905,772482,7.08,10.46
9907,3282261,10.62,29.07
9910,6773686,-2.28,32.77
9911,571511,-15.85,34.77
9914,2408701,-24.60,15.11
9917,1174566,-3.37,4.63
9919,268031,-17.33,-38.86
9921,6911440,-17.82,37.36
9924,865750,4.72,15.62
9925,602931,-11.29,1.62
9927,751001,7.31,10.78
9928,63863,3.39,-0.31
9929,47439,1.21,7.69
9930,903766,5.71,7.87
9933,4298685,-25.20,-19.23
9934,1802372,-5.07,88.53
9935,445818,7.01,38.86
9938,3096417,29.42,147.94
9939,1867767,-5.98,8.61
9940,1612238,3.03,87.19
9941,2669688,1.01,8.29
9942,329581,-1.00,42.09
9944,267649,4.67,23.25
9945,2042077,26.79,95.52
9955,113275,8.45,1.84
1264,409622,-2.84,19.65
1796,40278,-3.83,39.05
4205,132842,0.01,0.07
4207,327774,-19.67,7.40
4712,899,-86.95,1854.34
4303,37820,-1.54,12.12
4304,31284,-24.21,-3.72
4305,125100,-1.03,81.43
8354,66576,-12.63,10.48
9950,82128,26.96,114.80
4401,452554,0.10,202.75
4402,14310,19.27,27.08
4406,36987,-14.13,146.41
4413,75910,149.05,56.58
4417,228106,-24.10,23.89
4419,103,-63.34,43.05
4420,84825,-10.95,177.17
4429,80995,-9.12,48.75
4432,121044,99.02,34.82
4433,257176,-1.13,56.93
1570,39647,-44.29,-1.82
1580,387548,22.16,60.12
1586,205459,0.53,1.56
1599,227624,-25.12,-12.56
2066,197488,-10.56,84.55
2067,79457,-20.64,11.84
2070,62317,28.09,298.90
2230,62465,34.10,132.44
2235,52107,15.42,17.41
3162,106184,-0.93,36.32
3178,127464,8.04,9.09
3226,263755,2.51,78.52
3379,34076,-76.16,118.71
3426,56171,6.30,18.68
4502,104153,17.03,58.12
4503,6241,-56.03,-63.79
4506,321116,-2.83,-10.17
4510,165906,150.02,5.26
4513,114542,-36.12,54.91
4523,50096,-36.36,-6.94
4527,170603,-20.12,-19.21
4528,247435,35.48,27.15
4530,17268,5.46,378.47
4533,280692,-30.67,-2.57
4534,108472,-4.18,50.34
4535,219048,-20.41,148.49
4538,33456,-6.60,2.63
4543,82506,-8.98,15.74
4549,114851,-2.34,31.55
4550,130965,65.27,15.37
4561,110307,-16.43,54.32
4563,134898,-12.86,-20.70
4568,107454,9.61,38.99
4580,205842,22.86,-10.78
6122,130577,9.30,-14.17
6425,127028,55.61,20.27
6603,373415,-0.75,94.26
6609,214209,1.40,9.26
8027,147108,-41.09,34.81
8083,217572,3.51,50.01
8107,80347,-19.46,452.28
8255,302588,-20.37,60.14
9951,426474,-4.45,82.38
2061,97990,-1.06,73.75
4609,17782,66.93,10.85
1742,18137,-56.67,-73.67
4702,116580,-10.95,22.97
4706,123618,-24.04,25.23
4707,116757,-24.24,79.26
4711,135632,-4.24,206.59
4714,65119,28.16,543.78
4716,69205,-31.50,42.54
4721,290275,11.55,29.11
4741,54580,10.62,78.85
4754,31068,19.84,-7.20
4767,109766,7.84,21.87
6506,192605,-10.26,12.87
6509,378066,-10.37,14.17
1565,400742,-17.55,-2.71
1593,117827,33.92,93.43
1752,139485,-13.17,-7.30
1777,71120,-26.69,-30.52
1781,81691,-10.46,27.94
1784,84125,1.68,32.96
1788,295989,-6.95,-1.19
1799,12589,-70.75,-50.02
1813,46468,13.14,244.41
3118,52384,-17.09,3.71
3176,64173,-12.67,9.10
3205,51207,2.17,5.87
3218,230168,12.27,57.79
4102,47437,5.94,43.37
4105,353723,9.60,-0.64
4107,133446,-10.80,-8.97
4109,17234,-12.36,15.95
4111,85904,8.61,-2.57
4114,250212,-6.16,2.83
4116,95311,-24.98,-8.74
4120,340498,-26.06,-27.32
4121,281977,-10.77,1.80
4123,50046,9.81,20.10
4126,163524,-21.29,-5.00
4127,39439,-10.68,10.09
4128,122641,-13.33,-18.44
4129,234689,-12.12,102.21
4130,31028,-11.18,-19.75
4131,7078,-14.54,55.56
4138,96343,8.88,20.07
4147,56912,548.05,-17.66
4152,4895,-83.23,11.68
4153,51237,12.73,-26.92
4160,43908,-8.96,23.43
4161,58420,-13.39,67.59
4162,19801,-74.97,20.62
4163,181483,8.38,4.95
4167,147188,-3.50,8.70
4168,0,-100.00,-100.00
4173,70212,-9.35,-31.61
4174,530,66.66,-99.11
4175,510081,-3.00,13.64
4183,28384,-4.25,-21.71
4188,5657,30.28,8.57
4192,463,43.34,-2.73
4198,7149,-8.48,-32.47
4726,33077,-58.80,-37.03
4728,74545,-37.38,37.75
4735,314605,-6.90,340.97
4736,330094,-23.65,-48.00
4743,1721,-62.25,-93.94
4744,60217,-38.79,-29.88
4747,32295,-4.46,-14.18
4911,1733,-43.10,225.14
5312,254599,-6.80,23.73
6130,9331,2.94,-17.70
6242,50889,32.28,172.80
6446,29974,-8.91,2675.37
6461,1930,-62.79,-55.54
6469,808680,-1.01,24.11
6472,414039,-23.90,282.33
6492,50,0.00,0.00
6496,114725,-7.71,-12.37
6499,47253,-10.00,0.72
6523,85237,27.19,145.10
6527,61898,-11.74,271.91
6535,2164,3036.23,-2.16
6547,0,-100.00,3143
6569,75896,-28.06,-37.02
6574,84922,26.83,25.40
6576,92,-99.87,72116
6589,115940,39.74,29.74
6612,32879,9.48,15.16
6615,40284,-12.52,-1.46
6649,2737,50.30,336.52
6661,26213,43.67,-15.64
6662,24982,19.14,25.38
6703,102283,-21.05,0.71
6712,24002,23.32,527.01
6733,692,22.69,1674.35
6747,50226,-36.28,24.35
6762,42709,-10.41,1.17
6767,12236,9.83,10.62
8279,123970,6.21,-1.92
8403,291045,-6.06,-3.30
8409,9684,28.93,10.00
8432,35077,-9.82,3.83
8436,800797,-1.06,9.10
2035,1175614,-9.96,57.82
2063,99524,-9.24,13.98
2064,206310,-12.13,56.77
2065,233964,-21.76,22.82
5009,605890,-8.13,-5.95
5011,267796,-0.72,276.02
5013,744995,-4.50,75.51
5014,1595293,-1.17,47.53
5015,202986,-1.62,26.56
5016,230423,-13.01,15.55
6248,398957,16.53,34.04
8349,827044,-9.18,94.64
8415,1659696,-6.75,41.04
8930,100729,-10.73,44.11
9962,159499,20.17,-18.98
5102,50308,-32.67,-2.95
3073,1558,-33.36,-68.32
3105,2024120,1.76,0.52
3122,56456,1.92,32.79
3141,186991,1.32,152.61
3169,87136,-1.10,36.92
3219,162096,4295.22,1803.87
3227,858687,0.07,47.62
3228,73076,9.83,231.75
3259,50036,-12.10,-1.73
3260,3602398,7.42,74.03
3264,941468,7.31,28.39
3265,235186,4.22,23.80
3268,113515,1.81,85.64
3317,243898,-6.44,-0.86
3372,161003,7.59,64.34
3374,444890,-29.00,-6.74
3438,142069,7.81,47.71
3527,262095,9.88,145.19
3529,324995,519.98,34.33
3555,748,-45.79,-96.90
3556,129511,-4.18,0.41
3567,35573,2.98,18.00
3581,123732,33.29,24.71
3675,170263,5.58,17.58
3680,166098,-29.64,-31.49
3707,568283,2.91,15.01
4945,44307,-31.61,29.32
4973,285674,-18.51,23.07
5272,50404,2.14,69.01
5274,282572,8.53,3.29
5299,222811,3.91,19.54
5302,4297,-44.99,227.01
5314,1677,-48.57,-3.84
5344,32120,-9.90,28.67
5347,3170821,-11.52,22.65
5351,401137,4.64,26.12
5425,1096440,0.30,27.00
5468,12034,-6.38,-12.08
5483,5561509,-10.06,14.86
5487,35993,11.44,-11.82
6103,1764,-44.90,57.50
6104,257489,7.49,9.04
6129,120859,-3.67,31.51
6138,535509,5.03,26.32
6147,2272739,1.41,31.53
6182,821871,0.20,34.40
6198,94,-95.29,-95.44
6223,487697,9.79,-6.30
6229,182898,16.59,7.85
6233,36909,-4.46,10.16
6237,146429,6.77,267.38
6261,508500,10.13,76.97
6287,110480,-12.94,8.51
6291,14485,-7.99,14.41
6411,304253,-11.28,38.86
6435,246238,-2.35,20.95
6457,126216,-15.35,10.29
6462,340390,-8.10,-34.88
6485,140181,10.76,139.20
6488,4996406,-12.38,16.02
6494,192811,13.85,108.39
6510,353624,0.63,3.08
6532,36493,-4.46,-33.88
6548,977240,-0.82,21.29
6568,96282,-8.26,120.10
6594,37844,11.35,-15.65
6640,153191,14.43,245.39
6643,70347,-7.89,16.80
6651,137547,11.68,34.11
6679,224746,5.42,59.89
6683,128242,-6.76,32.09
6716,62633,-8.40,1.84
6732,547085,22.66,30.23
7556,37372,2.40,18.38
8024,62979,49.86,43.04
8040,89076,21.48,12.29
8054,148632,-4.82,139.31
8086,374485,0.95,35.38
8088,145156,-13.48,40.00
8277,34891,-40.76,47.88
8299,5090578,-1.58,42.22
1569,279510,-28.34,-51.37
3071,217454,13.43,8.11
3088,351539,-15.20,2.55
3211,1808087,-5.78,-3.76
3213,248885,-3.31,19.65
3272,368554,-7.10,-7.65
3287,66229,23.31,86.68
3323,1082219,-21.36,-3.39
3325,154729,-24.84,0.35
3479,373474,-11.19,19.05
3483,559643,-5.31,-0.79
3521,23366,2.28,59.96
3540,417494,0.14,38.70
3577,93267,-2.02,56.83
3594,134937,11.09,1.42
3611,603712,0.00,27.41
3625,197155,-3.12,-6.08
3652,177669,-22.41,15.30
3693,263398,-9.57,22.33
3709,1603081,-15.89,-11.81
4931,103394,7.83,-43.68
4987,106947,8.06,63.88
5289,857087,6.88,18.31
5356,326132,-16.22,7.05
5386,187826,9.48,26.27
5426,135679,-12.22,-19.62
5438,197278,-15.38,164.52
5465,508158,-6.98,1.95
5474,198704,68.81,33.75
5490,82852,-42.44,-38.45
6121,7943637,0.95,25.04
6123,505532,-0.02,65.32
6150,707244,1.66,281.33
6160,87069,-28.46,21.00
6161,127424,0.89,35.98
6188,881907,-13.43,11.51
6228,4099,-69.76,-31.23
6276,116913,-17.57,16.34
6441,321343,224.52,344.97
6570,70533,5.75,44.91
6577,109013,-12.91,-23.59
6680,29052,-3.79,48.82
8050,700367,74.13,142.55
8076,177757,-6.91,4.14
8234,444858,-8.64,-14.80
8410,111006,-8.35,5.76
3066,40344,0.98,41.48
3128,64457,-12.17,-26.26
3230,139387,4.01,22.72
3297,19589,23.04,13.17
3339,90274,12.17,70.12
3362,341543,7.80,17.51
3434,61214,-10.05,84.76
3441,36412,6.78,8.42
3455,189353,9.13,75.82
3490,42795,31.09,38.19
3516,64469,34.91,0.51
3523,19305,-10.55,20.89
3531,169592,19.61,15.49
3615,117016,11.60,114.43
3623,26766,-2.46,-12.53
3630,257284,-5.57,13.95
3666,168865,-4.31,20.14
3685,97106,-29.13,56.67
3691,662185,0.25,26.77
3713,38625,-14.10,868.77
4729,113834,25.70,9.97
4933,262548,7.85,34.21
4944,46239,9.92,50.55
4972,68897,-21.67,-2.57
4995,85859,-8.69,-2.19
5220,71449,-0.48,-32.95
5230,101964,-0.17,15.27
5245,121926,-8.27,-11.04
5251,11273,-42.25,-39.80
5315,182363,0.56,57.70
5371,3753779,-2.81,13.45
5392,951157,-8.24,7.91
5432,3242,-63.26,37.54
5443,489197,6.33,126.69
6125,379467,10.72,18.66
6167,133596,1.70,4.43
6222,46151,61.57,1.27
6234,75072,6.98,7.05
6244,481837,2.64,47.39
6246,153428,-3.81,21.65
6419,27259,18.82,43.42
6556,149342,-4.14,29.88
6560,93373,-8.16,237.37
7402,46945,14.62,244.47
8049,151643,-6.18,-26.72
8064,454402,30.64,93.68
8069,1428276,-6.06,-5.34
8087,3053,-29.55,-6.26
8111,110674,3.27,29.13
8240,883049,-6.93,2.36
3081,200489,-10.13,17.95
3095,44189,3.19,101.38
3152,280227,5.68,64.83
3163,203513,0.52,-33.94
3221,229712,-3.87,14.25
3234,122171,1.52,-6.17
3306,104667,-8.81,6.91
3363,147164,10.94,-14.58
3466,55247,-46.10,-64.51
3491,132684,-5.04,-6.93
3499,39079,-4.89,18.51
3558,707360,-1.38,20.00
3564,113125,-7.95,-1.07
3632,33919,-11.33,71.72
3672,60666,20.37,24.60
3684,57621,-9.34,38.97
4903,51813,-24.26,-67.48
4905,4122,-49.52,-34.63
4908,64180,6.52,4.86
4909,74725,0.52,49.92
4979,94754,62.36,-23.80
5348,10792,27.54,185.20
5353,91458,-0.36,-25.62
6109,106940,19.83,41.19
6143,449371,-8.16,-4.07
6163,518347,48.45,50.92
6170,257382,3.75,-20.37
6190,611405,-6.62,59.35
6218,54824,44.99,-15.13
6241,13487,8.96,7.26
6245,533028,-15.44,7.55
6263,120896,0.68,59.47
6417,83740,2.27,-0.30
6465,15153,7.56,-54.59
6470,123228,-10.49,0.01
6486,101815,-0.20,-14.20
6530,22432,-1.00,2.42
6561,229898,-0.45,10.87
6588,16947,11.09,-33.22
8034,22605,-59.86,1.39
8048,72417,13.66,9.31
8059,88680,-27.98,6.82
8089,135307,23.27,-36.62
8097,34533,4.64,573.15
8171,70055,379.30,155.10
8176,41441,607.78,-18.08
1336,187035,51.93,98.58
1595,179037,-4.30,-18.26
1815,440264,2.32,55.61
3078,922199,-13.94,66.80
3089,13378,-54.15,-64.79
3114,294398,0.23,0.93
3115,41028,23.75,21.99
3144,218277,1.11,-9.79
3191,24864,13.26,12.69
3202,448297,19.97,-7.05
3206,433191,16.01,80.62
3207,81398,8.90,10.83
3217,242997,-4.10,-6.16
3236,194996,-6.26,14.82
3276,115009,0.77,30.85
3288,7893,-53.03,37.65
3290,108531,15.20,-18.32
3294,410942,-5.42,15.79
3310,117775,6.54,19.10
3313,4054,405300.00,-75.65
3322,330292,-3.34,66.79
3332,84027,-19.40,-10.94
3354,10606,-39.78,-22.64
3357,504144,-2.92,25.43
3388,730784,-16.78,10.04
3390,61778,-0.30,21.71
3465,217623,-22.23,85916.99
3484,549819,-5.70,55.73
3492,73732,-9.68,33.35
3511,269995,187.63,293.61
3512,119634,322.27,-44.90
3520,107240,16.33,7.02
3526,250946,15.36,-3.26
3537,287089,1.08,-9.38
3548,541648,7.00,9.31
3597,89029,-5.07,38.89
3609,53306,37.94,19.30
3624,252517,5.80,41.90
3631,17519,24.49,-41.15
3646,74823,18.52,53.17
3689,535176,13.46,9.85
3710,614460,-6.37,-19.19
4542,45947,33.88,25.48
4939,155391,1.81,-0.91
4974,337493,-9.51,7.92
5291,130289,6.36,35.24
5309,176206,-12.88,82.89
5321,227780,7.00,42.53
5328,96169,23.21,19.73
5340,125281,-8.10,-6.21
5345,806,-55.44,43.16
5355,52276,-13.21,-19.75
5381,29764,-31.34,4.47
5439,275678,2.07,24.05
5457,1203109,-2.12,-9.00
5460,42106,1.24,-33.09
5464,134044,-17.49,55.53
5475,173894,2.55,158.89
5488,101602,-19.39,-12.92
5498,130936,-0.18,21.34
6114,179140,-7.74,13.67
6124,258821,10.68,-3.24
6126,346867,-6.51,-0.87
6127,83911,-7.38,23.48
6134,151561,-14.04,22.24
6156,400389,8.70,5.96
6158,200322,2.32,10.57
6173,528309,-0.60,24.01
6174,46475,3.51,20.53
6175,331156,-1.43,22.85
6185,48905,17.19,-43.47
6194,141889,7.71,3.25
6203,432640,3.55,39.44
6204,54641,24.34,78.20
6207,124652,-7.85,-17.77
6208,270043,13.99,26.12
6210,49920,-8.91,-17.24
6217,200399,-12.26,-4.40
6220,988506,-6.14,8.43
6259,18979,0.30,-7.16
6266,202732,1.53,97.53
6274,1770181,2.40,-5.51
6279,400481,-1.30,53.91
6284,577335,6.21,35.63
6290,722821,-6.50,18.40
6292,89751,-17.60,88.72
6418,81094,31.22,-4.44
6432,138012,33.00,49.97
6538,105104,-7.60,-37.57
6642,45886,-10.48,28.61
6664,152168,-2.62,7.76
6727,53270,-17.39,14.22
8038,3111,-32.00,-45.40
8042,333969,15.77,16.17
8043,457175,12.32,37.82
8071,322936,-12.10,1.56
8074,118229,-2.51,11.58
8080,15838,-39.32,806.58
8091,108519,-18.10,-2.60
8093,48391,-5.22,37.50
8109,123371,1.50,16.03
8121,262727,6.87,39.34
8147,94057,10.92,9.08
8155,224402,0.71,-18.07
8182,297239,2.54,23.66
8289,187074,-1.09,26.50
8291,18770,-10.09,-6.61
8358,722135,10.93,43.83
3224,128644,-16.49,-16.10
3232,90075,35.96,62.74
3360,909418,29.96,-57.99
3444,103884,-1.20,33.50
6113,159760,-23.75,84.63
6118,629383,-9.64,-6.12
6154,340644,0.12,5.76
6227,1280838,-3.61,85.93
6265,105817,7.08,9.96
6270,367033,9.41,5.02
8032,312569,1.59,23.18
8067,16032,-17.68,-7.02
8068,17533,-48.02,-87.19
8084,65615,-14.41,6.02
8096,2503965,-1.96,49.45
3147,384650,18.49,107.20
3570,117455,3.67,24.38
4953,484436,1.54,11.84
5201,14314,-2.70,-46.75
5202,13916,-28.36,-17.32
5209,368984,3.14,55.12
5210,15828,-5.77,-0.36
5211,11096,-8.58,-26.82
5212,68538,6.48,7.05
5310,557,-18.44,-90.22
5403,294633,-5.48,96.64
5410,221614,-25.78,-20.46
6140,182467,6.46,7.58
6148,25368,-49.80,-62.47
6221,222397,-12.62,-41.13
6231,103341,-2.24,-2.94
6240,1099,-0.36,-2.48
6516,22875,-21.56,23.35
6590,35846,-12.22,17.83
6593,47195,-22.29,37.37
6690,54440,-30.54,14.55
6697,65077,-25.77,17.82
6751,94251,-0.12,-10.59
6752,90857,12.67,3.76
8099,363660,8.74,-9.49
8284,171745,-1.70,15.52
8416,104078,-9.02,20.81
1785,2510354,-2.46,7.04
3067,4527,2.51,-1.39
3093,162214,3.88,-6.71
3131,270941,12.24,47.59
3285,88858,22.60,98.06
3289,267197,-7.60,9.70
3303,211328,-18.66,27.23
3324,1026807,-16.30,-0.74
3373,100512,-2.41,-52.33
3402,293346,8.82,30.31
3498,208296,27.24,215.41
3508,96536,-12.01,55.92
3541,129193,1.28,-17.39
3551,172872,-2.86,5.47
3552,654369,-4.58,36.83
3580,54488,6.23,82.90
3587,257165,-5.54,6.10
3628,234800,2.58,35.35
3642,29298,17.58,-11.04
3663,235269,-10.27,37.08
4554,34540,1.53,37.82
4760,154568,5.82,52.57
5205,1438,29.20,-67.12
5383,111195,19.48,28.14
5452,580235,-9.09,58.41
5489,141351,8.22,25.33
5493,246711,-2.96,12.45
5536,1934219,37.68,37.77
6146,345315,1.51,23.31
6151,258494,0.25,93.96
6187,250955,-5.36,107.54
6247,58478,-18.61,-6.77
6275,349956,-6.81,0.38
6512,13033,-27.68,-28.60
6613,488100,44.41,30.47
6654,92741,13.51,103.89
6667,108216,-24.51,2.57
8047,47635,0.13,41.92
8085,84794,-2.93,21.47
8092,28085,20.17,-6.14
8183,341512,-16.29,33.21
8383,258470,-3.99,4.52
8431,90067,-21.18,1.92
8908,530753,-6.25,-2.44
8917,214211,0.41,2.13
8927,454316,0.16,71.74
8931,136145,-6.52,-17.57
2596,15482,20271.05,10.69
3188,191949,8.30,160.28
3489,240047,-57.75,69.27
4113,26009,10.59,-49.64
4416,7949,0.65,4.19
4907,17328,-88.48,-76.13
5206,13446,-50.71,-48.86
5213,107615,-89.67,-66.95
5324,35697,3.95,333.68
5455,171,-1.15,8.91
5508,558305,45.34,246.81
5511,429391,-14.67,6.22
5512,372847,-22.80,-9.21
5514,480,0.00,-75.37
5516,126343,-16.52,121.30
5520,223333,-7.69,1.34
5523,575950,46.60,133221.75
5529,6962,8.67,-10.20
6171,37947,-78.22,199621.05
6186,736807,-44.54,185.01
6212,237,0.00,0.00
6219,87076,-10.90,-30.04
6264,42683,-75.65,255.30
8424,78870,-2.32,13.73
2641,76943,10.01,20.85
2643,355456,-2.10,2.21
5601,6260,1.03,-6.20
5603,150041,8.98,13.11
5604,11768,0.96,13.16
5609,2618891,12.69,22.30
1259,433647,0.99,18.29
1268,287397,-0.26,151.79
2718,5167,107.92,219.34
2719,4352,88.39,225.01
2729,403688,8.06,70.63
2732,348967,-8.87,65.99
2734,27989,-9.04,191.70
2736,50529,-3.33,184.15
2740,13367,4.09,15.15
2743,36158,113.00,231.66
2745,21114,37.55,123.42
2752,172892,7.06,120.77
2754,244908,-2.36,89.80
2755,136274,1.54,25.20
3252,39395,22.58,128.93
3522,68176,-8.95,385.27
5301,6996,5.42,261.92
5364,34059,11.23,161.34
5701,41712,10.83,295.07
5703,20520,1.74,42.68
5704,35845,-1.05,88.03
8077,36585,18.48,215.25
5820,1059846,3.86,30.79
5864,496631,176.79,185.96
5878,82922,22.92,-9.08
6015,569812,83.90,146.83
6016,463640,85.85,75.65
6020,157335,10.15,151.14
6021,113969,14.28,168.40
6023,284501,-24.44,3.45
6026,210165,-26.08,59.76
2916,124288,11.75,57.74
2937,227386,15.45,1.18
3171,157823,4.70,28.86
5902,137457,-7.18,33.76
5903,7034902,-2.08,8.23
5904,1449265,3.23,22.63
5905,89685,23.81,70.26
6195,184331,21.06,60.69
6728,218366,16.30,59.69
8066,612950,-7.21,246.41
8433,194373,18.77,15.78
8941,283370,28.07,48.07
9960,73996,-19.87,82.92
1584,74531,4.84,8.95
2221,124096,25.11,20.76
2640,183959,3.20,26.43
3284,56220,24.96,18.15
4430,223050,8.97,85.70
4529,108,-70.81,-84.11
4541,75938,3.99,-22.56
4556,50408,25.22,-5.42
4950,8233,-41.05,63.35
5306,629388,-6.51,53.26
5398,33315,10.60,12.72
5450,265227,-4.73,6.05
5481,7701,-9.73,4.51
5530,270278,-26.03,8.23
6179,181204,-29.54,-4.17
6199,5852,2.05,52.19
6236,2385,-23.31,2.49
6624,9350,-59.03,51.51
6803,426190,-7.91,-1.83
8342,107006,-12.87,-13.58
8390,357597,-15.12,47.28
8401,115493,0.79,37.87
8420,200280,5.01,125.55
8421,98350,-24.26,-14.70
8435,62157,-0.61,3.53
8440,67083,-8.27,33.80
8476,47258,-28.14,-0.54
8905,194349,-30.99,86.25
8906,14584,18.41,12.80
8916,697036,-2.67,6.39
8921,40655,-6.53,-0.23
8924,635842,6.44,104.31
8928,253560,-9.37,115.99
8929,65083,-24.17,-46.93
8932,113740,-3.45,18.69
8933,315209,-8.03,12.59
8935,128985,5.74,27.15
8936,338098,11.15,31.99
8937,8576,228.96,-72.32
8938,1652530,22.41,110.44
8942,443411,2.97,119.83
2926,408922,6.08,27.43
3064,24984,-43.42,-35.67
3083,23716,-6.78,-37.89
3086,21205,-2.02,188.97
3293,922588,-7.19,55.36
3546,108722,-11.02,-33.57
3629,24974,-3.91,-55.29
4806,0,11,60
4946,2799,-27.74,-73.08
5263,62491,-13.70,-10.77
5478,562202,10.45,-20.66
6101,200,39.86,-98.62
6111,48735,8.85,34.57
6144,19989,9.11,5.13
6169,746,1.35,-95.14
6180,751536,-23.49,-8.54
6294,91517,5.95,14.53
6482,20624,8.73,434.30
6542,52581,-12.65,-8.54
6596,54941,236.19,1291.26
8446,61797,-4.05,-36.51
8450,37892,6.87,12.70
8489,108871,-5.45,-1.92
8923,34020,-28.69,-12.67
9949,13276,7.02,43.44
1240,249389,5.95,33.23
4171,62985,-32.02,-22.13
6508,190488,-17.49,-14.84
6578,34426,-21.21,-33.69
3085,4125,-47.71,-56.47
3687,120907,-10.43,21.53
5278,116527,-1.94,55.77
5287,137633,-0.62,10.48
8044,3410554,-9.76,8.61
8472,35243,-1.43,26.75
8477,262801,-8.95,-33.62