1101,-1269,-2030,-190,-88,0,-20,3097,2937,21,1178,782,173,689,379,-92,1006,301,449,-2644,-132
1102,0,4,-1999,-1661,-1379,71,0,-31,10,10,49,314,79,-302,-47,4,31,103,-809,-138
1103,0,0,9,17,0,0,9,0,0,0,26,0,0,0,0,9,0,0,0,9
1104,0,0,0,0,0,0,0,0,0,0,0,0,0,0,0,0,0,0,0,0
1108,0,0,0,0,0,0,0,0,0,0,0,0,0,0,0,0,0,0,0,0
1109,0,0,0,0,0,0,0,0,0,0,0,0,0,0,0,0,0,0,0,0
1110,0,0,0,0,0,0,0,0,0,0,0,0,0,0,0,0,0,0,0,0
1201,0,0,0,0,0,0,0,0,0,0,0,0,0,0,0,0,0,0,0,0
1203,0,0,0,0,0,0,0,0,0,0,0,0,0,0,0,0,0,0,0,0
1210,0,0,0,0,-317,0,-316,-1454,0,0,0,0,0,0,0,0,0,-34,-14,-27
1213,0,0,0,0,0,0,0,0,0,0,0,0,0,0,0,0,0,0,0,0
1215,0,0,0,-2,0,0,0,-2,0,0,0,0,0,0,-4,0,0,24,-23,-2
1216,241,310,3,-130,0,-25,0,-61,19,19,422,26,330,348,-95,36,52,-33,162,222
1217,0,0,0,0,0,0,0,0,0,0,0,0,0,0,0,0,0,0,0,0
1218,0,0,0,0,0,0,0,0,0,0,0,0,0,0,0,0,0,0,0,0
1219,0,0,0,0,0,0,0,0,0,0,0,0,0,0,0,0,0,0,0,0
1220,0,0,0,0,0,0,0,0,0,0,0,0,0,0,0,0,0,0,0,0
1225,0,0,0,0,0,0,0,0,0,0,0,0,0,0,0,0,0,0,0,0
1227,0,0,0,-2,0,-2,0,0,0,0,0,4,11,-175,2,0,56,-19,-178,-19
1229,0,0,1,-2,0,29,0,0,2,1,11,7,-20,10,4,2,81,0,-76,0
1231,0,0,0,0,0,0,0,0,0,0,0,0,0,0,0,0,0,0,0,0
1232,0,0,0,0,0,0,0,0,0,0,0,0,0,0,0,0,0,-3,-5,0
1233,0,0,0,0,0,0,0,0,0,0,0,0,0,0,0,0,0,0,0,0
1234,0,0,0,0,0,0,0,0,0,0,0,0,0,0,0,0,0,0,0,0
1235,0,0,0,0,0,0,0,0,0,0,0,0,0,0,0,0,0,0,0,0
1236,0,0,0,0,0,0,0,0,0,0,0,0,0,0,0,0,0,0,0,0
1702,0,0,0,0,0,0,0,0,50,200,0,0,0,243,0,0,0,0,0,0
1737,0,0,0,0,0,0,0,0,0,0,0,0,0,0,0,0,0,0,0,0
1301,-514,-117,-178,45,0,0,-123,0,479,20,97,-23,-678,-903,-1674,-3126,1285,232,449,-358
1303,-330,-1148,-773,910,0,-27,0,0,25,24,543,48,423,477,18,-27,-47,-423,25,-176
1304,0,0,0,0,0,0,0,0,0,0,0,0,14,-1315,-1169,-375,0,0,-72,884
1305,0,0,0,0,0,0,0,0,0,0,0,-50,13,0,-276,-2298,0,0,-160,-177
1307,0,0,0,0,0,0,0,0,0,0,0,0,0,0,0,0,0,0,0,0
1308,0,0,1,0,0,0,0,0,1,0,-5146,1,-4396,5217,55,-22,1,0,695,1065
1309,0,0,0,0,0,0,0,0,0,0,0,0,0,0,0,-20,0,0,-22,0
1310,0,0,0,0,0,0,0,0,0,0,0,0,0,0,0,0,0,0,0,0
1312,0,0,0,0,0,0,0,0,0,0,244,201,0,0,0,-131,0,0,0,150
1313,0,0,0,0,0,-170,-165,0,0,0,0,0,19,0,0,0,0,0,0,0
1314,0,0,0,0,0,0,0,0,0,0,0,0,-50,0,0,0,0,0,0,0
1315,0,0,0,0,0,0,0,0,0,0,0,0,0,0,0,0,0,0,0,0
1321,0,0,0,0,0,0,0,0,0,0,0,0,0,0,0,0,0,0,0,0
1323,0,0,0,0,0,0,0,0,0,0,0,0,0,0,0,0,0,0,0,0
1324,0,0,0,0,0,0,0,0,0,0,0,0,0,0,0,0,0,0,0,0
1325,0,0,1,2,0,0,1,0,0,0,2,0,0,0,0,1,0,0,0,1
1326,1,-6,3,-82,168,120,-196,-55,17,15,80,33,94,103,-2354,-454,-166,-140,24,-199
4306,0,0,0,0,0,0,0,0,0,0,0,0,0,0,0,0,0,0,0,0
1402,859,-294,3,246,0,-133,0,0,16,17,1185,22,833,1240,56,125,1464,229,5,-575
1409,0,0,26,53,0,0,26,0,0,0,77,0,0,0,0,26,0,0,0,27
1410,0,0,0,0,0,0,0,0,0,0,0,0,0,0,0,0,0,0,0,0
1413,0,0,0,0,0,0,0,0,0,0,0,0,0,0,0,0,0,0,0,0
1414,0,0,0,0,0,0,0,0,0,0,0,0,0,0,0,0,0,0,0,0
1417,0,0,0,0,0,0,0,0,0,0,0,0,0,0,0,0,0,0,0,0
1418,0,0,0,0,0,0,0,0,0,0,0,0,0,0,0,0,0,0,0,0
1419,0,0,0,0,0,0,0,0,0,0,0,0,0,0,0,0,0,0,0,0
1423,0,0,0,0,0,0,0,0,0,0,0,0,0,0,0,0,0,0,0,0
1434,0,0,0,-5,0,0,0,0,0,0,0,8,4,13,4,1,112,-44,0,-43
1439,0,0,0,0,0,0,0,0,0,0,0,0,0,0,0,0,0,0,0,0
1440,-1681,-900,-1881,39,2287,0,20,-2880,-8261,-300,-16153,-1060,0,4220,2914,20,5247,2550,279,21
1443,0,0,0,0,0,0,0,0,0,0,0,0,0,0,0,0,0,0,0,0
1444,0,0,0,0,0,0,0,0,0,0,0,0,0,0,0,0,0,0,0,0
1445,0,0,0,0,0,0,0,0,0,0,0,0,0,0,0,0,0,0,0,0
1446,0,0,0,0,0,0,0,0,0,0,0,0,0,0,0,0,0,0,0,0
1447,0,0,0,0,0,0,0,0,0,0,0,0,0,0,0,0,0,0,0,0
1449,0,0,0,0,0,0,0,0,0,0,0,0,0,0,0,0,0,0,0,0
1451,0,0,0,0,0,0,0,0,0,0,0,0,0,0,0,0,0,0,0,0
1452,0,0,0,0,0,0,0,0,0,0,0,0,0,0,0,0,0,0,0,0
1453,0,0,0,0,0,0,0,0,0,0,0,0,0,0,0,0,0,0,0,0
1454,0,0,0,0,0,0,0,0,0,0,0,0,0,0,0,0,0,0,0,0
1455,0,0,0,0,0,0,0,0,0,0,0,0,0,0,0,0,0,0,0,0
1456,0,0,0,0,0,0,0,0,0,0,0,0,0,0,0,0,0,0,0,0
1457,0,0,0,0,0,0,0,0,0,0,0,0,0,0,0,0,0,0,0,0
1459,0,0,0,0,0,0,0,0,0,0,0,0,0,0,0,0,0,0,0,0
1460,0,0,0,0,0,0,0,0,0,0,0,0,0,0,0,0,0,0,0,0
1463,0,0,0,0,0,0,0,0,0,0,0,0,0,0,0,0,0,0,0,0
1464,0,0,0,0,0,0,0,0,0,0,0,0,0,0,0,0,0,0,0,0
1465,0,0,0,0,0,0,0,0,0,0,0,0,0,0,0,0,0,0,0,0
1466,0,0,0,0,0,0,0,0,0,0,0,0,0,0,0,0,0,0,0,0
1467,0,0,0,0,0,0,0,0,0,0,0,0,0,0,0,0,0,0,0,0
1468,0,0,0,0,0,0,0,0,0,0,0,0,0,0,0,0,0,0,0,0
1470,0,0,0,0,0,0,0,0,0,0,0,0,0,0,0,0,0,0,0,0
1472,0,0,0,0,0,0,0,0,0,0,0,0,0,0,0,0,0,0,0,0
1473,0,0,0,0,0,0,0,0,0,0,0,0,0,0,0,0,0,0,0,0
1474,0,0,0,0,0,0,0,0,0,0,0,0,0,0,0,0,0,0,0,0
1475,0,0,0,0,0,0,0,0,0,0,0,0,0,0,0,0,0,0,0,0
1476,0,6,0,20,542,191,66,472,20,70,23,21,324,948,468,350,490,33,165,2
1477,120,7,220,241,1358,389,124,45,135,173,-628,100,1007,2819,802,492,748,416,26,64
4414,0,0,0,0,0,0,0,0,0,0,0,0,0,0,0,0,0,0,0,0
4426,0,0,0,0,0,0,0,0,0,0,0,0,0,0,0,0,0,0,0,0
4438,0,0,0,0,0,0,0,0,0,0,0,0,0,0,0,0,0,0,0,0
1503,0,0,0,0,0,0,0,0,0,0,0,0,0,0,0,0,0,0,0,0
1504,0,1,1,1,0,0,0,0,3,2,19,2,7,15,2,2,1,1,0,0
1506,0,0,0,0,0,0,0,0,0,0,0,0,0,0,0,0,0,0,0,0
1507,0,0,0,0,0,0,0,0,0,0,0,0,0,0,0,0,0,0,0,0
1513,-41,0,0,0,0,0,0,-500,0,0,0,0,0,-100,-2,0,624,-51,0,0
1514,0,0,0,0,0,0,0,0,0,0,0,0,0,0,0,0,0,0,0,0
1515,0,0,0,0,0,0,0,0,-20,-377,0,0,0,-200,0,-72,0,0,0,-63
1517,0,0,0,0,0,0,0,0,0,0,0,0,0,0,0,0,0,0,0,0
1519,0,0,0,0,0,0,0,0,0,0,0,0,0,0,0,52,0,0,0,0
1526,0,0,0,0,0,0,0,0,0,0,0,0,0,0,0,0,0,0,0,0
1527,0,0,0,0,0,0,0,0,0,0,0,0,0,0,0,0,0,0,0,0
1528,0,0,0,0,0,0,0,0,0,0,0,0,0,0,0,0,0,0,0,0
1529,0,0,0,0,0,0,0,0,0,0,0,0,0,0,0,0,0,0,0,0
1530,0,0,0,0,0,0,0,0,0,0,0,0,0,0,0,0,0,0,0,0
1531,0,0,0,0,0,0,0,0,0,0,0,0,0,0,0,0,0,0,0,0
1532,0,0,0,0,0,0,0,0,0,0,0,0,0,0,0,0,0,0,0,0
1535,0,0,0,0,0,0,0,0,0,0,0,0,0,0,0,0,0,0,0,0
1537,0,0,0,0,0,0,0,0,0,0,0,0,0,0,0,0,0,0,0,0
1538,0,0,0,0,0,0,0,0,0,0,0,0,0,0,0,0,0,0,0,0
1539,0,0,0,0,0,0,0,0,0,0,0,0,0,0,0,0,0,0,0,0
1540,0,0,0,0,0,0,0,0,0,0,0,0,0,0,0,0,0,0,0,0
1541,0,0,0,0,0,0,0,0,0,0,0,0,-10,0,0,0,0,0,0,0
1558,0,0,0,0,0,0,0,0,0,0,0,0,0,0,0,0,0,0,0,0
1560,0,0,0,0,0,0,0,0,0,0,0,0,0,0,0,0,0,0,0,0
1583,0,0,0,0,0,0,0,0,0,0,0,0,0,0,0,0,0,0,0,0
1597,0,0,0,0,0,0,0,0,0,0,0,0,0,0,0,-107,-309,-29,-89,0
2049,0,0,0,0,75,-2,-62,0,0,61,13,35,10,-421,-94,0,-30,-12,-124,0
2241,0,0,0,0,0,0,0,0,0,0,0,0,0,0,0,0,0,0,0,0
2371,0,0,0,0,0,0,0,0,0,5,0,0,0,0,12,0,0,0,0,0
3167,0,0,1,2,0,50,1,0,50,0,3,0,0,0,0,1,0,0,0,1
4526,0,0,0,0,0,0,0,0,0,0,0,0,0,0,0,0,0,0,0,0
4532,0,0,0,0,0,0,0,0,0,0,0,0,0,0,0,0,0,0,0,0
4540,0,0,0,0,0,0,0,0,0,0,0,0,0,0,0,0,0,0,0,0
4555,0,0,0,0,0,0,0,0,0,0,0,0,0,0,0,0,0,0,0,0
4562,0,0,0,0,0,0,0,0,0,0,0,0,0,0,0,0,0,0,0,0
4564,0,0,0,0,0,0,0,0,0,0,0,0,0,0,0,0,0,0,0,0
4566,0,0,0,0,0,0,0,0,0,0,0,0,0,0,0,0,0,0,0,0
4572,0,0,0,0,0,0,0,0,0,0,0,0,0,0,0,0,0,0,0,0
4576,0,0,0,0,0,0,0,0,0,0,0,0,0,0,0,0,0,0,0,0
8222,0,0,0,0,0,0,0,0,0,0,0,0,0,0,0,0,0,0,0,0
8374,0,0,0,0,0,0,0,0,0,0,0,0,0,0,0,0,0,0,0,0
8996,0,0,0,0,0,0,0,0,0,0,0,0,0,0,0,0,0,0,0,0
1603,0,0,0,0,0,0,0,0,0,0,0,0,0,0,0,0,0,0,0,0
1604,0,0,0,0,0,0,0,0,0,0,0,0,33,0,0,0,0,0,0,0
1605,0,0,0,0,0,-11,0,0,0,0,0,0,0,0,0,0,0,0,-165,0
1608,0,0,0,0,0,0,0,0,0,0,0,0,0,0,0,0,0,0,0,0
1609,0,0,0,0,0,0,0,0,0,0,0,0,0,0,0,0,0,0,0,0
1611,0,0,0,0,0,0,0,0,0,0,0,0,0,0,0,0,0,0,0,0
1612,0,0,0,0,0,0,0,0,0,0,0,0,18,0,0,0,0,0,0,0
1614,0,0,0,0,0,0,0,0,0,0,0,0,0,0,0,0,0,0,0,0
1615,0,0,0,0,0,0,0,0,0,0,0,0,0,0,0,0,0,0,0,0
1616,0,0,0,0,0,0,0,0,0,0,0,0,0,0,0,0,0,0,0,0
1617,0,0,0,0,0,0,0,0,0,0,0,0,0,0,0,0,0,0,0,0
1618,0,0,0,0,0,0,0,0,0,0,0,0,0,0,0,0,0,0,0,0
4930,0,0,1,2,0,0,2,0,0,0,3,0,18,0,0,2,0,0,0,0
5283,0,0,0,0,0,0,0,0,0,0,0,0,0,0,0,0,0,0,0,0
1708,0,0,0,0,0,0,0,0,0,0,0,0,0,0,0,0,0,0,0,0
1709,0,0,0,0,0,0,0,0,0,0,0,0,0,0,0,0,0,0,0,0
1710,0,0,0,0,0,0,0,0,0,0,0,0,0,0,0,0,0,0,0,0
1711,0,0,0,0,0,0,0,0,0,0,0,0,0,0,0,0,0,0,0,0
1712,0,0,0,0,0,0,0,0,0,0,0,0,60,0,0,0,0,0,0,0
1713,0,0,0,0,0,0,0,0,0,0,0,0,0,0,0,0,0,0,0,0
1714,0,0,0,0,0,0,0,0,0,0,0,0,0,0,0,0,0,0,0,0
1717,-10,-2,0,-250,-253,482,0,0,0,0,0,-53,-2,6,4,-86,1,0,0,0
1718,0,0,0,0,0,0,0,0,0,0,0,0,0,0,0,0,0,0,0,0
1721,0,0,0,0,0,0,0,0,0,0,0,0,0,0,0,0,0,0,0,0
1722,0,0,0,-3,-90,0,0,0,0,0,0,35,3,9,102,1,70,-31,-64,-31
1723,0,0,0,0,0,0,0,0,0,0,0,0,10,0,0,0,50,0,0,0
1724,0,0,0,0,0,0,0,0,0,0,0,0,0,0,0,0,0,0,0,0
1725,0,0,0,0,0,0,0,0,0,0,0,0,0,0,0,0,0,0,0,0
1726,0,0,0,0,0,0,0,0,0,0,0,0,0,0,0,0,0,0,0,0
1727,0,0,0,0,0,0,0,0,0,0,0,0,0,0,0,0,0,0,0,0
1730,0,0,0,0,0,0,0,0,0,0,0,0,0,0,0,0,0,0,0,0
1732,0,0,0,0,0,0,0,0,0,0,0,0,0,0,0,0,0,0,0,0
1735,0,0,0,0,0,0,0,0,0,0,0,0,0,0,0,0,0,0,0,0
1773,0,0,0,0,0,0,0,0,0,0,0,0,0,0,0,0,0,0,0,0
1776,0,0,0,0,0,0,0,0,0,0,0,0,0,0,0,0,0,0,0,0
3708,0,0,0,0,0,0,0,0,-270,0,-46,-10,0,0,0,0,0,0,0,0
4720,0,0,0,0,0,0,0,0,0,0,0,0,0,0,0,0,0,0,0,0
4722,0,0,0,0,0,0,0,0,0,0,0,0,0,0,0,0,0,0,0,0
4739,0,0,0,0,0,0,0,0,0,0,0,0,0,0,0,0,0,0,0,0
4755,0,0,0,0,0,0,0,0,0,0,0,0,0,0,0,0,0,0,0,0
4764,0,0,0,0,0,0,0,0,0,0,0,0,0,0,0,0,0,0,0,0
4766,0,0,0,0,0,0,0,0,0,0,0,0,0,0,0,0,0,0,0,0
1598,0,80,0,0,0,0,0,0,0,0,0,0,0,0,0,0,0,0,0,0
1701,0,0,0,0,0,0,0,0,0,0,0,0,0,0,0,0,0,0,0,0
1707,0,0,0,0,0,0,0,0,0,0,0,0,0,0,0,0,-17,0,0,0
1720,0,0,0,0,0,0,0,0,0,0,0,0,0,0,0,0,0,0,0,0
1731,0,0,0,0,0,0,0,0,0,0,0,0,0,0,0,0,0,0,0,0
1733,0,0,0,0,0,0,0,0,0,0,0,0,0,0,0,0,0,0,0,0
1734,0,0,0,0,0,0,0,0,0,0,0,0,0,0,0,0,0,0,0,0
1736,0,0,0,0,0,0,0,0,-137,0,0,0,0,0,71,0,66,0,0,0
1760,0,0,0,0,0,0,0,0,0,0,0,0,0,0,0,0,0,0,0,0
1762,0,0,0,0,0,0,0,0,0,0,1,0,0,0,0,0,0,0,0,0
1783,0,0,0,0,0,0,0,0,0,0,0,0,0,0,0,0,0,0,0,0
1786,0,0,0,0,0,0,0,0,0,0,0,0,0,0,0,0,0,0,0,0
1789,0,0,0,0,0,0,0,0,0,0,0,0,0,0,0,0,0,0,0,0
1795,0,0,0,0,0,0,0,214,54,469,0,0,0,0,0,0,0,0,0,0
3164,0,0,0,0,0,0,0,0,0,0,0,0,0,0,0,0,0,0,0,0
3705,0,0,0,0,0,0,0,0,0,0,0,0,0,0,0,0,0,0,0,0
4104,0,0,0,0,0,0,0,0,0,0,0,0,0,0,0,0,0,0,0,0
4106,0,0,0,0,0,0,0,0,0,0,0,0,0,0,0,0,0,0,0,0
4108,0,0,0,0,0,0,0,0,0,0,0,0,0,0,0,0,0,0,0,0
4119,0,0,0,0,0,0,0,0,0,0,1,0,-8,1,0,0,0,0,0,0
4133,0,0,0,0,0,0,0,0,0,0,0,0,0,0,0,0,0,0,0,0
4142,0,0,0,0,0,0,0,0,0,0,0,0,0,0,0,0,0,0,0,0
4155,0,0,0,0,0,0,0,0,0,0,0,0,0,0,0,0,0,0,0,0
4164,0,1,0,0,0,0,0,0,0,0,2,0,0,1,0,0,0,0,0,0
4737,0,0,0,0,0,0,0,0,0,0,0,0,0,0,0,0,0,0,0,0
4746,0,0,0,0,0,0,0,0,0,0,0,0,0,0,0,0,0,0,0,0
6491,-49,149,44,0,165,17,187,59,58,15,88,25,95,111,71,156,0,-17,-70,0
1802,0,0,0,-61,100,250,173,587,-272,-5997,-1048,-98,78,14427,2836,-85,2580,150,100,3476
1806,0,0,0,0,0,0,0,0,0,0,0,0,0,0,0,0,0,0,0,0
1809,0,0,0,0,0,0,0,0,0,0,0,0,0,0,0,0,0,0,0,0
1810,0,0,0,0,0,0,0,0,0,0,0,0,0,0,0,0,0,0,0,0
1817,0,0,0,0,0,0,0,0,0,0,0,0,0,0,0,0,0,0,0,0
1903,0,0,0,0,0,0,0,0,0,0,0,0,0,0,0,0,0,0,0,0
1904,0,0,-1079,0,1001,445,0,0,70,-231,843,800,-8,1312,986,0,0,-7,-97,0
1905,0,0,0,51,0,0,0,0,0,0,0,0,0,0,0,0,0,0,0,0
1906,0,0,0,0,0,0,0,0,0,0,0,0,0,0,0,0,0,0,0,0
1907,1752,1840,1844,1821,1200,0,0,0,0,0,-2272,-473,-1044,0,180,0,-196,-138,-793,-796
1909,0,-45,-204,-160,-400,-341,-2480,-730,0,-1200,-3398,40,190,1760,1731,-1519,-48,0,0,0
2002,219,-1847,-14230,-12273,-162,-7536,-551,6294,211,-595,-3816,64,742,16265,15625,3206,14287,22008,840,7229
2006,-1554,1,-427,-903,-377,-858,-1423,810,218,396,-330,-98,-718,1340,722,15,-833,-1945,-47,-679
2007,0,0,0,0,0,0,0,0,0,0,0,0,0,0,0,0,0,0,0,0
2008,0,0,0,0,0,0,0,0,0,0,0,0,0,0,0,0,0,0,0,0
2009,0,0,0,0,0,0,0,0,0,0,0,0,0,0,0,0,0,0,0,0
2010,0,0,0,0,0,0,0,0,0,0,0,0,0,0,0,0,0,0,0,0
2012,0,0,0,0,0,0,0,0,0,0,0,0,0,0,0,0,0,0,0,0
2013,0,0,0,0,0,0,0,0,0,0,0,0,0,0,0,0,0,0,0,0
2014,0,0,-4038,-6081,0,-7021,-1660,674,-1048,-6358,-5003,-8508,-486,3586,-194,1612,11363,2063,1094,855
2015,0,-67,0,-1,0,0,0,30,10,-68,-140,18,1,252,61,10,193,114,-61,0
2017,0,0,0,0,0,0,0,0,0,0,0,0,0,0,0,0,0,0,0,0
2020,0,0,0,0,0,0,0,0,0,0,0,0,0,0,0,0,0,0,0,0
2022,0,0,0,0,0,0,0,0,0,0,0,0,0,0,0,0,0,0,0,0
2023,0,0,0,0,0,0,0,0,0,0,0,0,0,0,1523,0,0,0,0,0
2024,0,0,0,0,0,0,0,0,0,0,0,0,0,0,0,0,0,0,0,0
2025,0,0,0,0,0,0,0,0,0,0,0,0,0,0,0,0,0,0,0,0
2027,509,1441,-40,375,-102,0,-690,1217,-1842,-1637,-5785,-1860,-30,-75,378,580,933,861,376,4462
2028,0,0,0,0,0,0,0,0,0,0,0,0,0,0,0,0,0,0,0,0
2029,-433,-199,-154,0,-215,-112,-2286,-606,0,0,0,0,0,2016,1797,0,0,0,391,0
2030,0,0,0,0,0,0,0,0,0,0,0,0,0,0,0,0,0,0,0,0
2031,237,139,0,-4028,-709,190,142,72,-590,-5141,-1330,-3270,-209,1616,235,-596,1558,2095,479,429
2032,0,0,0,0,0,0,0,0,0,0,0,0,0,0,0,0,0,0,0,0
2033,0,0,0,0,0,0,0,0,0,0,0,0,0,0,0,0,0,0,0,0
2034,0,0,0,0,0,0,0,0,0,0,970,0,694,378,154,1994,0,0,0,0
2038,0,0,0,0,0,0,0,0,0,0,0,0,0,0,0,0,0,0,0,0
2069,0,0,0,0,0,0,0,0,0,0,0,0,0,0,0,0,0,0,0,0
2211,0,0,0,0,0,0,0,0,0,0,0,0,0,0,0,0,0,0,0,0
3004,0,0,0,0,0,0,0,0,0,0,0,0,0,0,0,0,0,0,0,0
5007,0,0,0,0,0,0,0,0,0,0,0,0,0,0,0,0,0,0,0,0
9958,6,-300,-458,-330,0,-14,0,0,0,7,50,0,500,403,700,385,20,0,70,570
2101,0,0,0,0,0,0,0,0,0,0,0,-200,0,0,200,0,0,0,0,0
2102,0,0,0,0,0,0,0,0,0,0,0,0,0,0,0,0,0,0,0,0
2103,0,0,0,0,-370,0,0,0,-1030,-300,-500,0,0,450,665,134,174,1104,944,1674
2104,0,0,0,0,0,0,0,0,0,0,0,0,0,0,0,0,0,0,0,0
2105,130,1,0,-2,0,-10,0,0,4,-1992,15,-692,37,-80,0,0,-574,-569,2,0
2106,0,0,11,22,0,-333,-389,0,-130,-1206,32,0,0,0,270,12,84,87,0,153
2107,0,0,0,0,0,0,0,0,0,0,0,0,0,0,0,0,0,0,0,0
2108,1,0,0,-1,0,8,0,0,0,0,0,2,6,-91,1,0,71,-13,-119,0
2109,0,0,0,0,0,0,0,0,0,0,0,0,0,0,0,0,0,0,0,0
2114,0,0,0,0,0,0,0,0,0,0,0,0,0,0,0,0,0,0,0,0
6582,0,0,1,2,15,0,1,0,0,0,3,0,0,0,0,1,6,5,11,1
1319,0,0,0,0,0,0,0,0,0,0,0,0,0,0,0,0,0,0,0,0
1339,0,0,0,0,0,0,0,0,0,0,0,0,0,0,0,0,0,0,0,0
1512,0,0,0,0,0,0,0,0,0,0,0,0,0,0,0,0,0,0,0,0
1521,0,0,0,0,0,0,0,0,0,0,0,0,0,0,0,0,0,0,0,0
1522,0,0,0,0,0,0,0,0,0,0,0,0,0,0,0,0,0,0,0,0
1524,0,0,0,0,0,0,0,0,0,0,0,0,0,0,0,0,0,0,0,0
1525,0,0,0,1,0,0,0,0,0,0,1,0,0,0,0,0,0,0,0,0
1533,0,0,0,0,0,0,0,0,0,0,0,0,0,0,0,0,0,0,0,0
1536,0,0,0,0,0,0,-162,-348,0,-57,0,0,0,0,0,0,0,0,-63,-64
1568,0,0,0,0,0,0,0,0,0,0,0,0,0,0,0,0,0,0,0,0
1587,0,0,0,0,0,0,0,0,0,0,0,0,15,0,0,0,0,0,0,0
2201,0,0,0,0,0,0,0,0,0,0,0,0,0,0,0,0,0,-140,0,0
2204,0,0,5,10,0,0,5,0,0,1,13,1,17,3,0,6,2,1,3,7
2206,0,0,0,0,0,0,0,0,0,0,0,0,0,0,0,0,0,0,0,0
2207,0,1,0,0,0,-2,0,0,1,2,8,1,9,4,1,-3,1,0,-21,0
2227,0,0,0,0,0,0,0,0,1,0,3,0,1,0,1,0,0,-1,-37,-1
2228,0,0,0,0,0,0,0,0,0,0,0,0,0,0,0,0,0,0,0,0
2231,0,0,28,0,6,8,0,187,111,43,103,-242,-98,10,20,63,72,165,0,5
2233,0,0,-30,86,124,0,-75,130,17,0,199,103,0,190,587,90,275,0,0,0
2247,0,0,0,0,0,0,0,0,0,0,0,0,0,0,0,0,0,0,0,0
2497,0,0,0,0,0,0,0,0,0,0,0,0,0,0,0,0,0,0,0,0
3346,0,0,0,0,0,0,0,0,0,0,0,0,0,0,0,0,0,0,0,0
4551,0,0,0,-2,0,67,0,0,0,-14,0,55,8,-119,0,-13,-2,59,46,-100
6288,0,0,0,0,0,0,0,0,0,0,0,0,0,0,0,0,0,0,0,0
6605,0,0,0,0,0,0,0,0,0,0,0,0,0,0,0,0,0,0,0,0
2302,0,0,0,0,0,0,0,0,0,0,0,0,0,0,0,0,0,0,0,0
2303,4278,-2583,11971,13507,8268,3672,-785,4895,6290,-895,1946,12445,4352,-1532,1288,1169,2465,-940,-524,-20563
2329,0,0,0,0,0,0,0,0,0,0,0,0,0,0,0,0,0,0,0,0
2330,509,1074,1163,1251,-133,81,140,17,246,601,792,372,1809,1165,197,192,332,124,-168,-687
2337,1101,585,959,460,880,0,1226,-1350,0,4,921,1641,-531,-966,-772,-537,-1723,-395,-221,-2071
2338,0,15,523,232,719,231,122,227,284,0,197,-277,0,0,0,-123,-250,0,-647,-148
2342,0,0,0,0,0,0,0,0,0,0,0,0,0,0,0,0,0,0,0,0
2344,3235,1396,3341,2552,3353,550,-1650,-283,0,1031,101,2860,-1356,-571,98,60,1400,-7871,11594,3444
2351,2284,805,120,334,858,0,434,0,20,20,1230,50,10,754,855,544,-24,-773,-440,-46
2363,0,0,0,0,0,0,0,0,0,0,0,0,0,0,0,0,0,0,0,0
2369,0,0,0,0,0,0,0,0,0,0,0,0,0,0,0,0,0,0,0,0
2379,275,207,288,127,-53,81,10,13,193,377,45,75,83,70,11,12,18,0,-5,5
2388,0,0,0,0,0,0,0,0,0,0,0,0,0,0,0,0,0,0,0,0
2401,0,0,8,17,0,0,9,0,0,0,24,0,0,0,0,9,0,0,0,9
2408,579,1793,537,306,114,9,-711,-13,16,-1271,-26,114,-643,-568,-2204,-233,692,-213,-3496,-5730
2434,0,0,0,0,0,0,0,0,0,0,0,0,0,0,0,0,0,0,0,0
2436,531,0,0,0,0,0,0,0,0,10,20,0,-993,0,0,20,40,0,0,0
2441,82,270,127,67,1,0,0,-217,0,1,0,47,2,2,3,970,44,-3,-47,0
2449,330,252,515,275,-236,16,-423,0,-486,-505,0,63,-183,0,151,0,1,-5,-10,-414
2451,0,0,0,-1,0,0,0,0,0,0,49,2,103,3,2,0,45,-85,0,0
2454,265,370,543,364,3,146,-19,-22,102,695,259,71,-411,-969,-757,10,13,65,-279,-45
2458,88,162,136,95,1,10,439,662,41,1,2,119,4,-35,-26,0,22,0,-85,-10
2481,222,0,0,50,0,205,320,-629,-1000,0,0,110,173,0,50,0,0,0,0,0
3006,37,102,-340,770,100,-397,-2257,0,-20,-3594,0,-467,-296,4,646,1132,0,23,-93,-2
3014,0,0,0,248,0,0,1771,401,0,0,0,0,-11,-43,0,0,0,-60,-54,0
3016,0,0,0,0,0,0,0,0,0,0,0,-65,0,0,0,0,-70,0,0,0
3034,1093,242,214,-18,22,150,-1281,68,651,-46,214,-46,-344,-3902,-233,256,-550,-22,-263,-37
3035,0,0,0,2,174,150,136,625,118,0,260,0,0,0,0,94,0,0,15,366
3041,0,0,0,0,0,0,0,0,0,0,0,0,0,1,0,0,0,0,0,0
3054,0,0,0,0,0,0,0,0,0,0,0,0,0,0,0,0,0,0,0,0
3094,0,0,1,2,0,0,2,0,0,0,3,0,0,0,0,2,0,0,0,1
3189,1261,-230,459,1562,121,925,-49,-183,645,1724,1166,1106,-594,-1368,-484,205,-369,-512,-509,-1242
3257,0,0,0,0,0,0,0,0,-108,0,0,0,0,0,0,0,-180,-180,-180,0
3413,10,0,29,0,0,0,-265,-240,-100,0,0,0,0,-147,0,-20,-152,-59,-341,-229
3443,52,37,58,91,120,2,8,50,22,1,-5,-6,-47,-331,-10,0,-154,0,-352,0
3530,683,0,0,0,0,0,0,0,0,0,0,0,0,0,0,0,0,0,0,0
3532,0,0,12,99,0,0,0,9,0,26,0,80,152,1,-72,0,33,17,14,0
3536,0,0,0,0,0,0,0,0,0,0,0,0,0,0,0,0,0,0,0,0
3545,-7,-252,18,424,82,-821,170,7,162,19,172,1809,1484,-156,526,66,80,801,-700,-109
3583,0,0,0,0,0,0,0,0,0,0,0,0,0,0,0,0,0,0,0,0
3588,0,45,1,2,0,0,0,0,0,0,3,0,0,0,0,0,0,0,0,1
3686,0,0,0,0,0,0,0,0,0,0,0,0,0,0,0,0,0,0,0,0
3711,684,87,1037,-408,12,-191,21,14,-77,622,1218,-414,-125,-3298,-78,134,-870,-238,-110,-2627
4919,115,200,2,5,0,118,2,502,1,0,212,260,401,736,658,0,0,1,0,2
4952,0,0,1,2,0,0,1,0,0,0,3,0,11,0,0,1,0,0,0,1
4961,603,309,138,946,231,-102,-81,37,39,617,279,1198,-1628,-75,360,91,-765,-441,-33,-1431
4967,0,0,0,0,0,0,0,0,0,0,0,-247,0,0,0,0,0,0,-13,0
4968,22,53,161,41,1,0,42,-14,0,1,20,0,-30,0,-22,144,99,-458,-499,-225
5269,70,57,52,109,99,111,214,85,23,47,37,0,-1,0,7,5,3,0,2,2
5285,0,0,0,0,0,0,0,0,0,0,0,0,0,0,0,0,0,0,0,0
5471,-6,0,2,5,0,50,3,0,118,8,-74,8,0,-230,8,84,0,0,0,2
6202,0,0,0,0,0,0,0,0,0,0,0,0,2,-25,0,0,0,0,-24,0
6239,101,235,323,172,-252,0,3,-237,-191,17,59,26,169,25,18,1,10,-2,-4,0
6243,0,0,0,0,0,0,0,0,0,0,0,0,0,0,0,0,0,0,0,0
6257,0,0,0,0,0,0,0,-379,0,-417,0,0,0,0,0,0,0,-4,-7,0
6271,574,400,0,10,45,10,0,0,10,11,0,1,-22,1,1,-64,26,-236,-51,-150
6515,0,0,0,0,0,0,0,0,0,0,0,0,0,0,0,0,0,0,0,0
6531,10,6,-4,258,15,78,2,50,88,-27,3,0,48,0,1,4,-45,-4,-83,1
6533,0,0,1,1,0,4,1,4,0,0,1,0,0,0,0,1,0,0,0,1
6552,0,0,0,0,0,0,0,0,0,0,0,0,0,0,0,0,0,0,0,0
6756,0,0,0,0,0,0,-40,-70,-107,-80,0,0,0,0,0,0,0,26,0,0
8016,41,0,-318,-20,197,0,-170,275,-610,97,222,-118,-1244,-1595,-127,0,-1400,-189,-175,70
8028,0,0,0,0,0,0,0,0,0,0,0,0,0,0,0,0,0,0,0,-22
8081,-24,0,0,140,0,9,0,47,330,235,465,479,-15,-29,0,0,-18,-51,-363,-13
8110,0,0,0,0,0,0,0,0,0,0,0,0,0,0,0,0,0,0,0,0
8131,0,0,0,1,0,0,0,0,0,1,4,0,1,2,0,0,1,0,0,0
8150,195,289,314,253,1,0,11,0,-813,-916,512,850,138,-1098,-413,-404,696,691,-71,11
8261,0,0,0,-157,-692,0,0,0,0,0,0,0,0,0,0,0,0,-200,0,0
8271,0,0,0,0,0,0,0,0,0,0,0,0,0,0,0,0,0,0,0,0
2301,-289,-34,-78,-344,-668,64,13,13,0,27,596,23,679,282,25,963,72,207,-194,0
2305,0,0,0,0,0,0,0,0,0,0,0,0,0,0,0,0,0,0,0,0
2324,1052,2195,73,69,0,-21,87,-52,7,94,1954,149,1880,1868,-6,76,57,386,-4385,-172
2331,0,0,0,0,0,0,0,0,0,0,0,0,0,0,0,0,0,0,0,0
2352,0,1,1,1,-721,-8,6,-691,3,-43,133,58,404,290,32,1,23,-6,-14,0
2353,0,2,0,-2,7,0,7,7,-19,19,9,11,166,70,22,13,0,-720,-1677,49
2356,-367,8,-631,-2,0,-15,12,0,6,72,1643,110,1627,1664,58,4,44,467,-14,-127
2357,-76,-380,-109,-73,31,273,657,600,180,491,146,445,143,203,21,34,19,68,32,-24
2362,0,0,0,0,0,0,0,0,0,0,0,0,0,0,0,0,0,0,0,0
2364,0,0,0,0,0,0,0,0,0,0,0,0,0,0,0,0,0,0,0,0
2365,0,0,0,0,0,0,0,0,0,0,0,0,0,0,0,0,0,0,0,0
2376,1303,1370,-14,3017,-695,-2509,-993,0,991,693,2948,-1376,327,1081,531,8,214,1609,41,63
2377,-211,-748,-155,-139,-526,-547,-644,0,91,-91,192,-273,407,-108,5,-670,-210,635,1497,-636
2380,0,0,0,0,0,0,0,0,0,0,0,0,0,0,0,0,0,0,0,0
2382,0,-194,-71,-2,-88,534,903,179,5,1261,725,631,861,748,47,-1,74,27,-1,-112
2387,0,0,0,-120,0,0,0,0,-1069,0,0,0,0,0,0,0,0,0,0,0
2395,0,49,1,-2,-3,0,44,0,2,171,69,6,68,57,4,0,28,-1,-2,0
2397,0,0,0,0,0,0,0,0,0,0,0,0,0,0,0,0,0,0,0,0
2399,0,0,0,0,0,0,0,0,0,0,0,0,0,0,0,0,0,0,0,0
2405,0,0,5,11,0,0,5,0,0,0,16,0,0,0,0,6,0,0,0,5
2417,0,0,0,0,0,0,0,0,0,-300,0,0,0,0,0,0,0,0,0,0
2424,0,0,0,0,0,0,0,0,0,0,0,0,0,0,0,0,0,0,0,0
2425,0,0,0,0,0,0,0,0,0,0,0,0,0,0,0,0,0,0,0,0
2442,0,0,0,0,0,0,0,0,0,0,0,0,0,0,0,0,0,0,0,0
2465,0,0,0,0,0,0,0,0,0,0,0,0,0,0,0,0,0,0,0,0
3002,0,0,0,0,0,0,0,0,0,0,0,0,0,0,0,0,0,0,0,0
3005,0,0,0,1,0,0,0,0,0,2,5,1,4,-39,2,0,1,-4,-46,0
3013,0,0,0,0,0,0,0,0,0,0,0,0,0,0,0,0,0,0,0,0
3017,182,380,-70,494,226,1125,393,211,404,170,18,-176,-288,46,0,276,151,243,0,0
3022,0,0,0,0,0,0,0,0,0,0,0,0,0,0,0,0,0,0,0,0
3046,0,0,0,0,0,0,0,0,0,0,0,0,0,0,0,0,0,0,0,0
3057,0,0,0,0,0,0,0,0,0,0,0,0,0,0,0,0,0,0,0,0
3060,0,0,0,0,0,0,0,0,0,0,0,0,0,0,0,0,0,0,0,0
3231,5486,5214,1,-1,0,-13,-2059,0,4,63,221,101,664,-2964,53,-1597,-1761,-5,-373,-1300
3416,0,0,0,0,0,0,0,0,0,0,0,0,0,0,0,15,0,0,0,0
3494,0,0,0,0,0,0,0,0,0,0,0,0,0,0,0,0,0,0,0,0
3515,-161,0,208,208,0,0,-38,0,0,-40,0,0,9,0,0,8,0,79,132,116
3701,0,0,0,0,0,0,0,0,0,0,0,0,0,0,0,0,0,0,0,0
3706,0,1,1,-4,0,0,0,0,-194,3,11,8,8,11,9,2,262,0,0,0
3712,0,0,0,0,0,0,0,0,0,0,0,0,0,0,0,0,0,0,0,0
4916,0,0,0,0,0,0,0,0,0,0,0,0,0,0,0,0,0,0,0,0
4938,0,6,2,-1,1,-13,10,1,8,56,190,85,541,412,41,5,42,2,4,5
5258,0,0,0,0,0,0,0,0,0,0,0,0,0,0,0,0,0,0,0,0
6117,0,0,0,0,0,0,0,0,0,0,0,0,0,0,0,0,0,0,0,0
6128,0,0,0,0,0,0,0,0,0,0,0,0,0,0,0,0,0,0,0,0
6166,0,0,0,0,0,0,0,0,0,0,0,0,0,0,0,0,0,0,0,0
6172,0,0,0,0,0,0,0,0,0,0,0,0,0,0,0,0,0,0,0,0
6206,0,0,0,0,0,0,0,0,0,0,0,0,0,0,0,0,0,0,0,0
6230,-104,0,0,0,0,0,0,0,0,0,0,0,0,0,0,0,0,0,0,0
6235,0,0,0,0,0,0,0,0,0,0,0,0,0,0,0,0,0,0,0,0
6277,0,0,0,0,0,0,0,0,0,0,0,0,0,0,0,0,0,0,0,0
6414,0,0,0,0,0,0,0,0,0,0,1,0,0,0,0,1,0,0,-43,0
6579,0,0,0,0,0,0,0,0,0,0,0,0,0,0,0,0,0,0,0,0
6669,16,13,23,22,0,0,1,0,5,-12,1,35,-4,1,1,3,6,55,71,54
8114,0,0,0,0,0,0,0,0,0,0,0,0,0,0,0,0,0,0,0,0
8163,0,0,0,0,0,0,0,50,0,0,0,0,0,0,70,0,0,0,100,0
8210,0,0,0,0,0,80,120,0,0,0,0,0,0,0,0,0,0,0,0,0
9912,0,0,0,0,0,0,0,0,0,0,0,0,0,0,0,0,0,0,0,0
2323,0,0,18,36,0,0,18,0,0,0,50,0,0,2,0,19,1,0,1,18
2340,0,0,0,0,0,0,0,0,0,0,0,0,0,0,0,0,0,0,0,0
2349,0,0,0,0,0,0,0,0,0,0,0,0,0,0,0,0,0,0,0,0
2374,0,0,0,0,0,0,0,0,0,0,0,0,0,0,0,0,0,0,0,0
2393,0,0,322,300,0,280,0,0,386,480,480,775,0,0,0,400,0,0,0,0
2406,0,0,0,0,0,0,0,0,0,0,0,0,0,0,0,0,0,0,0,0
2409,4895,20753,-6938,1741,-2671,-16913,-5387,4424,-30275,-1093,329,2184,-673,-23887,-1685,1466,-5796,-8876,-2536,-3131
2426,0,0,0,0,0,0,0,0,0,0,0,0,0,0,0,0,0,0,0,0
2438,0,0,0,0,0,0,0,0,0,0,0,0,0,0,0,0,0,0,0,0
2466,0,0,0,0,0,0,0,0,0,0,0,0,0,0,0,0,0,0,0,0
2486,0,0,0,0,0,0,0,0,0,0,0,0,0,0,0,0,0,0,0,0
2489,0,0,13,26,0,0,13,0,0,0,38,0,0,0,0,13,0,0,0,13
2491,0,0,0,0,0,0,0,0,0,0,0,0,0,0,0,0,0,0,0,0
3008,0,-1,0,-0,0,0,0,-1,1,-3,7,10,19,13,-22,-1,-0,-0,0,-1
3019,0,0,0,0,0,0,0,0,0,0,0,0,0,0,0,0,0,0,0,0
3024,0,0,0,0,0,0,0,0,0,0,0,0,0,0,0,0,0,0,0,0
3031,0,0,0,0,0,0,0,0,0,0,0,0,0,0,0,0,0,0,0,0
3038,0,0,0,0,0,0,0,0,0,0,2,0,1,0,0,0,1,0,0,0
3049,0,0,0,0,0,0,0,0,0,0,0,0,0,0,0,0,0,0,0,0
3050,0,0,0,0,0,0,0,0,0,0,0,0,0,0,0,0,0,0,0,0
3051,0,0,0,0,0,0,0,0,0,0,0,0,0,0,0,0,0,0,0,0
3059,0,0,0,0,0,0,0,0,0,0,0,0,0,0,0,0,0,0,0,0
3149,0,0,0,0,0,0,0,0,0,0,0,0,0,0,0,0,0,0,0,0
3356,0,0,0,0,0,0,0,0,0,0,0,0,0,0,0,0,0,0,0,0
3383,0,0,0,0,0,0,0,0,0,0,0,0,0,0,0,0,0,0,0,0
3406,1,0,55,110,500,3,0,0,0,-14,-6,0,0,1,-21,0,19,0,0,0
3437,0,0,0,0,0,0,0,0,0,0,0,0,0,0,0,0,0,0,0,0
3454,0,0,0,0,0,0,0,0,0,0,0,0,0,0,0,0,0,0,0,0
3481,368,-17900,-11572,2187,-2895,-36407,-26815,6984,-352,-10567,-1693,9298,-14751,-45065,-4073,2656,-2209,-2729,-11063,-47
3504,0,0,0,0,0,0,0,0,0,0,0,0,0,0,0,0,0,0,0,0
3535,0,0,0,0,0,0,0,0,0,0,0,0,0,0,0,0,0,0,0,0
3543,0,0,0,0,0,0,0,0,0,0,0,0,0,0,0,0,0,0,0,0
3563,0,0,0,0,0,0,0,0,0,0,0,0,0,0,0,0,0,0,0,0
3576,0,0,0,0,0,0,0,0,0,0,0,0,0,0,0,0,0,0,0,0
3591,0,0,2,4,0,0,1,0,0,0,5,0,0,0,0,1,0,0,0,2
3622,0,0,0,0,0,0,0,0,0,0,0,0,0,0,0,0,0,0,0,0
3669,0,0,0,0,0,0,0,0,0,0,0,0,0,0,0,0,0,0,0,0
3714,0,0,0,0,0,0,0,0,0,2,0,-234,0,0,3,0,0,0,0,0
4934,0,0,0,0,0,0,0,0,0,0,0,0,0,0,0,0,0,0,0,0
4942,0,0,0,0,0,0,0,0,0,0,0,0,0,0,0,0,0,0,0,0
4956,0,0,0,0,0,0,0,0,0,0,0,0,0,0,0,0,0,0,0,0
4960,0,0,0,0,0,0,0,0,0,0,0,0,0,0,0,0,0,0,0,0
4976,23,4073,174,0,0,0,0,0,0,0,0,0,-1287,5,0,-170,-182,0,-401,0
5234,0,0,0,0,0,0,0,0,0,0,0,0,0,0,0,0,0,0,0,0
5484,0,0,0,0,0,0,0,0,0,0,0,0,0,0,0,0,0,0,0,0
6116,0,0,544,89,0,0,47,0,0,0,-924,0,-16420,-10515,0,-939,0,0,0,29
6120,0,0,0,0,0,0,0,0,0,0,0,0,0,0,0,0,0,0,0,0
6131,0,0,0,0,0,0,0,0,0,0,0,0,0,0,0,0,0,0,0,0
6164,0,0,0,0,0,0,0,0,0,0,0,0,0,0,0,0,0,0,0,0
6168,0,0,0,0,0,0,0,0,0,0,0,0,0,0,0,0,0,0,0,0
6176,0,0,0,0,0,-2,0,0,1,2,4,0,5,-58,3,-9,0,-276,-63,0
6209,0,0,0,0,0,0,0,0,0,0,0,0,0,0,0,0,0,0,0,0
6225,0,0,0,0,0,0,0,0,0,0,0,0,0,0,0,0,0,0,0,0
6226,0,0,0,0,0,0,0,0,0,0,0,0,0,0,0,0,0,0,0,0
6278,196,814,0,0,38,76,104,0,566,224,0,91,136,-26,-24,859,616,-433,0,-500
6289,0,0,0,0,0,0,0,0,0,0,0,0,0,0,0,0,0,0,0,0
6405,0,0,0,0,0,0,0,0,0,0,0,0,0,0,0,0,0,0,0,0
6443,0,0,0,0,0,0,0,0,0,0,0,0,0,0,-251,0,0,0,-297,0
6477,0,0,0,0,0,0,0,0,0,0,0,0,0,0,0,0,0,0,0,0
6668,0,0,0,0,0,0,0,0,0,0,0,0,0,0,0,0,0,0,0,0
6706,-30,0,0,0,38,0,0,0,0,0,0,0,0,0,0,0,-28,-103,0,0
8104,0,0,0,0,0,0,0,0,0,0,0,0,0,0,0,0,0,0,0,0
8105,0,0,0,0,0,0,0,0,0,0,0,0,0,0,0,0,0,0,0,0
8215,0,0,0,0,0,0,0,0,0,0,0,0,-28,0,0,0,0,0,0,0
2314,142,0,0,0,0,0,0,0,150,0,0,0,0,0,0,0,0,0,0,0
2321,0,0,0,0,0,0,0,0,0,0,0,0,0,0,0,0,0,0,0,0
2332,0,0,0,0,0,0,0,0,0,0,0,0,0,0,0,0,0,0,0,0
2345,40,-1,-17,47,22,-18,3,90,149,63,110,69,366,152,9,-5,269,0,133,7
2412,0,11,-11,-871,-131,-262,4,-61,20,25,309,381,849,447,-96,16,-212,6,-9,-219
2419,0,0,0,0,0,0,0,0,0,0,0,0,0,0,0,0,0,0,0,0
2439,0,0,0,0,0,-6,0,0,0,0,0,0,0,0,0,0,0,0,0,0
2444,0,0,0,0,0,0,0,0,0,0,0,0,0,0,0,0,0,0,0,0
2450,0,0,0,0,0,0,0,0,0,0,0,0,0,0,0,0,0,0,0,0
2455,38,1100,0,0,0,0,0,0,0,0,0,0,-250,0,228,38,0,37,0,140
2485,0,0,0,0,0,0,0,0,0,0,0,0,0,0,0,0,0,0,0,0
2498,0,0,0,0,1,0,1,1,0,1,1,1,12,4,1,1,3,2,4,4
3025,0,0,0,0,0,0,0,0,0,0,0,0,0,0,0,0,0,0,0,0
3027,0,0,0,0,0,0,0,0,0,0,0,0,0,0,0,0,0,0,0,0
3045,190,-179,2,-35,2,-1,10,-24,10,52,457,86,886,1131,-10,7,47,36,-211,-91
3047,0,0,0,0,0,0,0,0,0,0,0,0,0,0,0,0,0,0,0,0
3062,0,0,0,0,0,0,0,0,0,0,0,0,0,0,0,0,0,0,0,0
3138,0,0,0,0,0,0,0,0,0,0,0,0,0,0,0,0,0,0,0,0
3311,0,0,0,1,0,0,1,0,0,0,2,0,0,0,0,0,0,0,0,0
3380,0,0,0,0,0,0,0,0,0,0,0,0,0,0,0,0,0,0,0,0
3419,0,0,0,0,0,0,0,0,0,0,0,0,0,0,0,0,0,0,0,0
3596,170,0,3,4,0,0,0,0,0,0,8,41,8,-21,179,3,0,-2,-24,6
3682,0,0,0,0,0,0,0,0,0,0,0,0,0,0,0,0,0,0,0,0
3694,0,0,0,0,0,0,0,0,0,0,0,0,0,0,0,0,0,0,0,0
3704,0,0,0,0,0,0,0,0,0,0,0,0,-16,0,0,0,0,0,0,0
4904,159,-235,-14,-1,5,-1,13,-288,9,61,653,96,962,1451,36,13,68,142,-212,-1144
4906,0,0,0,0,0,0,0,0,0,0,0,0,0,0,0,0,0,0,0,0
5388,0,0,0,0,0,0,0,0,0,0,0,0,0,0,0,0,0,0,0,0
6136,0,0,0,0,0,0,0,0,0,0,0,0,0,0,0,0,0,0,0,0
6142,0,0,0,0,0,0,0,0,0,0,0,0,0,0,0,0,0,0,0,0
6152,0,0,3,5,0,0,2,0,0,0,8,0,0,0,0,3,0,0,0,2
6216,0,0,0,0,0,0,0,0,0,0,0,0,0,0,0,0,0,0,0,0
6285,0,0,0,0,0,-10,0,-114,1,1,3,-81,-814,1,0,1,0,0,0,0
6416,0,0,1,2,0,-3,-201,-33,-143,-353,-329,-503,-147,-509,-200,180,0,-295,-151,-53
6426,0,0,0,0,0,0,0,0,0,0,0,0,0,0,0,0,0,0,0,0
6442,0,0,0,0,0,0,0,0,0,0,0,0,0,0,0,0,0,0,0,0
6674,0,0,0,0,0,0,0,0,0,0,0,0,0,0,0,0,0,0,0,0
8011,0,0,0,0,0,0,0,0,0,0,0,0,0,0,0,0,0,0,0,0
8101,0,0,0,0,0,0,0,0,0,0,0,0,0,0,0,0,0,0,0,0
1471,0,0,0,0,0,0,0,0,0,0,0,0,0,0,0,0,0,0,0,0
1582,0,0,0,0,0,0,0,0,0,0,0,0,0,0,0,0,0,0,0,0
2059,0,0,1,3,2,1,2,0,1,0,2,2,-8,63,18,0,0,0,0,0
2308,-132,17,57,-1,0,-21,1,1,-68,106,68,29,-14,176,46,6,-314,-187,13,85
2313,-2,-2,-1,-1,-1,-6,0,0,0,3,0,0,-2,0,11,0,-973,-900,0,-1000
2316,0,0,0,0,0,0,0,0,0,0,0,0,0,0,0,0,0,0,0,0
2327,56,384,-390,0,8,-8,-10,-25,1,-9,74,-243,-403,-195,-0,1,-415,-159,-179,-213
2328,0,0,0,0,0,0,0,0,0,0,0,0,0,0,0,0,0,0,0,0
2355,488,400,0,0,0,0,0,0,0,0,0,0,0,0,0,0,0,-480,0,0
2367,0,0,0,0,0,0,0,0,0,0,0,0,0,0,0,0,0,0,0,0
2368,99,0,877,3364,58,296,1591,30,454,5,1648,2095,-236,-992,314,0,-204,0,-1389,-350
2375,0,0,145,0,0,0,0,-195,0,-152,-233,-422,-1179,0,0,0,0,0,0,0
2383,0,0,90,0,-316,-1,1,60,60,-37,122,10,71,-226,-54,-290,-183,0,13,686
2385,-1579,-3893,-2369,0,0,-3,23,0,100,2,392,60,227,189,475,0,0,-17,-85,-25
2392,0,0,0,0,0,0,0,0,0,0,0,0,0,0,0,0,0,-4,-8,0
2402,0,0,0,0,0,0,0,0,0,0,0,0,0,0,0,0,0,0,0,0
2413,0,0,0,0,0,0,0,0,0,0,0,0,0,0,0,0,0,0,0,0
2415,0,0,0,0,0,0,0,0,0,0,0,0,0,0,0,0,0,0,0,0
2420,0,0,0,0,0,0,0,0,0,0,0,0,0,0,0,0,0,0,0,0
2421,0,0,0,0,0,0,0,0,0,0,0,0,0,0,0,0,0,0,0,0
2428,0,0,0,0,0,0,0,0,0,0,0,0,0,0,0,0,0,0,-11,0
2429,0,0,0,0,0,0,0,0,0,0,0,0,0,0,0,0,0,0,0,0
2431,0,0,0,0,0,0,0,0,0,0,0,0,0,0,0,0,0,0,0,0
2440,0,0,0,0,0,0,0,0,0,0,0,0,0,0,0,0,0,0,0,0
2456,0,0,0,0,0,0,0,0,-15,-33,0,-100,0,0,0,0,0,0,0,0
2457,0,0,5,9,0,0,5,0,0,0,14,0,0,0,0,5,0,0,0,4
2460,0,0,1,3,0,0,1,0,0,0,4,0,0,0,1,0,0,0,0,0
2462,0,0,0,0,0,0,0,0,0,0,0,0,0,0,0,0,0,0,0,0
2467,0,0,0,0,0,0,0,0,0,0,0,0,11,0,0,0,0,0,0,0
2472,0,0,0,0,0,0,0,0,0,0,0,0,0,0,0,0,0,-89,-26,-110
2476,0,0,0,0,0,0,0,0,0,0,0,0,0,0,0,0,0,0,0,0
2478,0,0,0,0,0,0,0,0,0,0,0,0,0,0,0,0,0,0,0,0
2483,0,0,0,0,0,0,0,0,0,0,0,0,0,0,0,0,0,0,0,0
2484,0,0,0,0,0,0,0,0,0,0,0,0,0,0,0,0,0,0,0,0
2492,0,-1,0,-15,-19,-1025,-784,1,0,10,16,13,-2096,-137,9,1,-111,-337,-274,-276
2493,0,0,0,0,0,0,0,0,0,0,0,0,0,0,0,0,0,0,0,0
3003,295,290,0,330,0,0,0,0,0,0,0,0,0,0,0,0,0,0,0,0
3011,0,0,0,0,0,0,0,0,0,0,0,0,0,0,0,0,0,0,0,0
3015,0,0,0,0,0,0,0,0,0,0,0,0,0,0,0,0,0,0,0,0
3021,0,0,0,0,0,0,0,0,0,0,0,0,0,0,0,0,0,0,0,0
3023,-8,-1,0,0,0,-1,1,3,0,20,15,61,32,26,5,0,19,0,0,0
3026,0,0,0,0,0,0,0,0,0,0,0,0,0,0,0,0,-220,-220,-200,-150
3032,0,0,0,0,0,0,0,0,0,0,0,0,14,0,0,0,0,0,0,0
3037,181,-2,19,552,407,977,145,439,1067,1473,2528,885,318,152,49,13,61,-188,-474,-233
3042,-1280,80,0,-110,-60,0,0,-132,0,-23,384,141,-183,-1363,-3063,-306,71,830,7,-532
3044,0,0,0,0,0,-2,-30,0,-190,-241,-236,-689,163,28,-131,0,-123,-1,-63,0
3058,0,0,0,0,0,0,0,0,0,0,0,0,0,0,0,0,0,0,0,0
3090,0,0,0,0,0,0,0,0,0,0,0,0,0,0,0,0,0,0,0,0
3092,0,0,0,0,56,-157,136,137,-1105,130,0,-8,0,295,224,330,0,0,-469,76
3229,0,0,0,0,0,0,0,0,0,0,0,0,0,0,0,0,0,0,0,0
3296,0,0,0,0,0,0,0,0,0,0,0,0,0,0,0,0,0,0,0,0
3308,0,0,0,0,0,0,0,0,0,0,0,0,0,0,0,0,0,0,0,0
3321,0,0,0,0,0,0,0,0,0,0,0,0,0,0,0,0,0,0,0,0
3338,0,0,0,0,0,0,0,0,0,0,0,0,0,0,0,0,0,0,0,0
3376,0,150,-30,0,0,0,0,0,0,0,0,0,0,0,0,0,0,0,0,0
3432,0,0,0,0,0,0,0,0,0,0,0,0,0,0,0,0,0,0,0,0
3501,0,0,0,0,0,0,0,0,0,0,0,0,0,0,0,0,0,0,0,0
3533,383,37,58,163,99,608,17,25,35,546,680,62,15,154,126,14,-100,19,29,122
3550,0,0,1,2,0,0,2,0,0,0,3,0,0,0,0,2,0,0,0,1
3593,0,0,0,0,0,0,0,0,0,0,0,0,0,0,0,0,0,0,0,0
3605,0,0,0,0,0,0,0,0,0,0,0,0,0,0,0,0,0,0,0,0
3607,0,0,0,0,0,0,0,0,0,0,0,0,0,0,0,0,0,0,0,0
3645,0,0,0,0,0,0,0,0,0,0,0,0,0,0,0,0,0,0,0,0
3653,40,29,40,132,5,4,0,19,734,378,319,820,748,0,129,-105,-108,-79,-747,-306
3679,0,0,0,0,0,0,0,0,0,0,0,0,0,0,0,0,0,0,0,0
4545,0,0,0,0,0,0,0,0,0,0,0,0,0,0,0,0,0,0,0,0
4915,0,0,0,1,-420,0,0,0,0,1,4,0,2,1,0,1,0,-4,-7,0
4989,0,0,0,0,0,0,0,0,0,0,0,0,0,0,0,0,0,0,-27,-232
4999,0,0,0,0,0,0,0,0,0,0,0,0,14,0,0,0,0,0,0,0
5469,0,0,0,0,0,0,0,0,0,0,0,0,0,0,0,0,0,-4,-7,0
6108,0,0,0,0,0,0,0,0,0,0,0,0,0,0,0,0,0,0,0,0
6115,0,0,0,0,0,0,0,0,0,0,0,0,0,0,0,0,0,0,0,0
6133,0,0,0,0,0,0,0,0,0,0,0,0,0,0,0,0,0,0,0,0
6141,0,0,0,0,0,0,0,0,0,0,0,0,0,0,0,0,0,0,0,0
6153,0,0,0,0,0,0,0,0,0,0,0,0,0,0,0,0,0,0,0,0
6155,0,0,0,0,0,0,0,0,0,0,0,0,0,0,0,0,0,0,0,0
6165,0,0,0,0,0,0,0,0,0,0,0,0,0,0,0,0,0,0,0,0
6191,0,0,0,0,0,0,0,0,0,0,0,0,0,0,0,0,0,0,0,0
6197,0,0,0,0,0,0,0,0,0,0,0,0,-15,0,0,0,0,0,0,0
6205,0,0,0,0,0,0,0,0,0,0,0,0,0,0,0,0,0,0,0,0
6213,0,0,0,0,-299,-50,-200,0,-35,-118,0,-55,-90,-100,-3,-5,-633,0,-182,-373
6224,0,0,0,0,0,0,0,0,0,0,0,0,-8,0,65,10,0,0,0,0
6251,0,0,0,0,0,0,0,0,0,0,0,0,0,0,0,0,0,0,0,0
6269,50,230,34,-142,0,-1,0,0,0,1,0,2,0,3,4,0,37,0,0,0
6282,0,0,0,0,0,0,0,0,0,0,0,0,0,0,0,0,0,0,0,0
6412,0,0,0,0,0,0,0,0,1,0,4,1,-10,-56,1,0,1,0,-56,0
6449,0,0,0,0,0,0,0,0,0,0,0,0,0,0,0,0,0,0,0,0
6715,0,0,0,0,0,0,0,0,0,0,0,0,0,0,0,-20,0,0,0,0
8039,0,0,0,0,0,0,0,0,0,0,0,0,0,0,0,0,0,0,0,0
8046,157,38,-270,595,273,1172,-3,111,30,2089,1850,1600,180,-98,-4,148,265,-450,447,-52
8103,0,0,0,0,0,0,0,0,0,0,0,0,0,0,0,0,0,0,0,0
8213,0,0,0,0,0,0,0,0,0,0,0,0,16,0,0,0,0,0,0,0
8249,0,0,0,0,0,0,0,0,0,0,0,0,0,0,0,0,0,0,0,0
2347,636,665,627,660,500,496,0,0,50,3,528,100,515,416,8,0,0,162,-19,-57
2414,0,0,0,0,0,0,0,0,0,0,0,0,0,0,0,0,0,0,0,0
2430,0,0,-200,0,0,0,0,0,0,0,0,200,0,0,0,0,0,0,0,0
2459,0,0,0,0,0,0,0,0,0,0,0,0,25,0,0,0,0,0,0,0
3010,0,0,0,-3,0,0,0,-2,0,0,0,0,0,0,-4,0,0,0,0,-3
3028,0,0,0,0,0,0,0,0,0,0,0,0,0,0,0,0,0,0,0,0
3033,0,0,0,0,0,0,0,0,0,0,0,0,0,0,0,0,0,0,0,0
3036,81,122,126,68,1,0,0,0,1,1,7,1,2,2,1,0,1,-4,-613,0
3048,0,0,3,6,0,0,2,0,0,0,9,0,0,0,0,3,0,0,0,2
3055,0,0,0,0,0,0,0,0,0,0,0,0,0,0,0,0,0,0,0,0
3209,0,0,0,0,0,0,0,0,0,0,0,0,32,0,0,0,0,0,0,0
3312,0,0,0,0,0,0,0,0,0,0,0,0,0,0,0,0,0,0,0,0
3528,0,0,0,0,0,0,0,0,0,0,0,0,0,0,0,0,0,0,0,0
3702,477,708,640,476,1,0,6,-20,3,34,123,54,354,269,-2,2,22,-67,-8,-88
5434,0,0,0,0,0,0,0,0,0,0,0,0,1,-21,0,0,0,-1,-24,0
6189,0,0,0,0,0,0,0,0,0,0,0,0,0,0,0,0,0,0,0,0
6281,0,0,0,0,0,0,0,0,0,0,0,0,0,0,0,0,0,0,0,0
6776,0,0,0,0,0,0,0,0,0,0,0,0,0,0,0,0,0,0,0,0
8070,0,0,0,0,0,0,0,0,0,0,0,0,0,0,0,0,0,0,0,0
8072,0,0,0,0,0,0,0,0,0,0,0,0,0,0,0,0,0,0,0,0
8112,0,0,0,-6,0,0,0,-4,0,0,0,0,2,-46,-8,0,-49,0,-46,-6
2427,0,0,0,0,0,0,0,0,0,0,0,0,0,0,0,0,0,0,0,0
2453,0,0,0,0,0,0,0,0,0,0,0,0,0,0,0,0,0,0,0,0
2468,0,0,0,0,0,0,0,0,0,0,0,0,0,0,0,0,0,0,0,0
2471,0,0,0,0,0,0,0,0,0,0,0,0,0,0,0,0,0,0,0,0
2480,0,0,0,0,0,0,0,0,0,0,1,0,0,1,0,0,0,0,0,0
3029,0,0,0,0,0,0,0,0,0,0,0,0,-27,0,0,0,0,0,0,0
3130,0,0,0,0,0,0,0,0,0,0,0,0,0,0,0,0,0,0,0,0
4994,0,0,0,0,0,0,0,0,0,0,0,0,0,0,0,0,0,0,0,0
5203,0,0,0,0,0,0,0,0,0,0,0,0,0,0,0,0,0,0,0,0
6112,0,0,0,0,0,0,0,0,0,0,0,0,0,0,0,0,0,0,0,0
6183,0,0,0,0,0,0,0,0,0,0,0,0,0,0,0,0,0,0,0,0
6214,0,0,0,0,0,0,0,0,0,0,0,0,1,-25,0,0,0,-4,-59,0
2312,0,0,0,0,0,0,0,0,0,0,0,0,0,0,0,0,0,0,0,0
2317,-284,-86,-1338,-10,99,-8,49,223,141,127,799,409,2490,1952,92,51,238,-410,69,-26
2354,290,1525,0,0,0,-99,0,0,0,3,350,0,228,275,5,0,-197,112,0,0
2359,0,0,0,0,0,0,0,0,0,0,0,0,0,0,0,0,0,0,0,0
2360,0,-1,0,-2,0,-2,2,0,0,7,28,16,91,71,8,1,35,0,0,0
2373,0,0,0,0,0,0,0,0,0,0,0,0,0,0,0,0,0,0,0,0
2390,0,0,0,0,0,0,0,0,0,0,0,0,0,0,0,0,0,0,0,0
2404,0,0,0,0,0,-5,0,0,0,0,0,0,3,-59,0,0,0,0,-169,0
2423,0,0,0,0,0,0,0,0,0,0,0,0,0,0,0,0,0,0,0,0
2433,0,0,0,0,0,0,0,0,0,0,0,0,0,0,0,0,0,0,0,0
2461,0,0,0,0,0,0,0,0,0,0,0,0,0,0,0,0,0,0,0,0
2464,0,0,0,0,0,0,0,0,0,0,0,0,0,0,0,0,0,0,0,0
2474,108,810,0,-3,2,-4,2,2,1,7,130,11,139,127,8,5,53,58,16,14
2477,0,0,0,0,0,0,0,0,0,0,0,0,0,0,0,0,0,0,0,0
2482,0,0,0,0,0,0,0,0,0,0,0,0,0,0,0,0,0,0,0,0
2488,0,0,0,0,0,0,0,0,0,0,0,0,0,0,0,0,0,0,0,0
2495,0,0,0,0,0,0,0,0,0,0,0,0,0,0,0,0,0,0,0,0
3018,0,0,0,0,0,0,0,0,0,0,0,0,0,0,0,0,0,0,0,0
3030,0,0,0,0,0,0,0,0,0,0,0,0,0,0,0,0,0,0,0,0
3043,0,0,0,0,0,0,0,0,0,0,0,0,0,0,0,0,0,0,0,0
3305,0,0,0,0,0,0,0,0,0,0,0,0,0,0,0,0,0,0,0,0
3450,0,0,0,0,0,0,0,0,0,0,0,0,0,0,0,0,0,0,0,0
3518,0,0,0,0,0,0,0,0,0,0,0,0,0,0,0,0,0,0,0,0
3617,0,0,0,0,0,0,0,0,0,0,0,0,0,0,0,0,0,0,0,0
6139,0,0,0,0,0,0,0,0,0,0,0,0,0,0,0,0,0,0,0,0
6192,0,0,0,0,0,0,0,0,0,0,0,0,0,0,0,0,0,0,0,0
6196,0,0,0,0,0,0,0,0,0,0,0,0,0,0,0,0,0,0,40,0
6201,0,0,0,0,0,0,0,0,0,0,0,0,16,0,0,0,0,0,0,0
6215,0,0,0,0,0,0,0,0,0,0,0,0,0,0,0,0,0,0,0,0
6283,0,0,0,0,0,0,0,0,0,0,0,0,0,0,0,0,0,0,0,0
6409,0,0,0,0,0,0,0,0,1,1,0,1,0,0,0,0,0,0,0,0
6438,0,0,0,0,-95,0,0,-136,-333,-276,0,-33,-100,-133,0,0,0,0,0,0
6558,0,0,0,0,0,0,0,0,0,0,0,0,0,0,0,0,0,0,0,0
6698,0,0,0,0,0,0,6,3,6,0,10,20,0,0,0,0,0,0,0,0
6743,0,6,12,0,0,0,0,0,0,0,0,0,0,0,0,0,0,0,0,0
8021,0,0,0,0,0,0,0,0,0,0,0,0,14,0,0,0,0,0,0,0
8201,0,0,0,0,0,0,0,0,0,0,0,0,0,0,0,0,0,0,0,0
2616,0,0,0,0,0,0,0,0,0,0,0,0,38,0,0,0,0,0,0,0
6505,0,-110,5,-44,1,0,1,1,17,16,99,16,-1,1426,715,12,591,-59,138,10
8926,0,0,0,1,0,0,0,0,1,0,5,1,2,1,1,-82,1,0,0,0
9908,0,0,0,0,0,0,0,0,0,0,0,0,0,0,0,0,0,0,0,0
9918,0,0,0,0,0,0,0,0,0,0,0,0,0,0,0,0,0,0,0,0
9926,0,0,0,0,0,0,0,0,0,0,0,0,0,0,0,0,0,0,0,0
9931,0,0,0,0,0,0,0,0,0,0,0,0,0,0,0,0,0,0,0,0
9937,0,0,0,0,0,0,0,0,0,0,0,0,0,0,0,0,0,0,0,0
1316,0,0,0,0,0,0,0,0,0,0,0,0,0,0,0,0,0,0,0,0
1436,0,0,0,0,0,0,0,0,0,0,0,0,0,0,0,0,0,0,0,0
1438,0,0,0,0,0,0,0,0,0,0,0,0,0,0,0,0,0,0,0,0
1442,0,0,0,0,0,0,0,0,0,0,0,0,0,0,0,0,0,0,0,0
1805,0,0,0,0,0,0,0,0,0,0,0,0,0,0,0,0,0,0,0,0
1808,0,0,0,0,0,0,0,0,0,0,0,0,0,0,0,0,0,0,0,0
2501,0,0,0,0,0,0,0,0,0,0,0,0,0,0,0,0,0,0,0,0
2504,0,0,0,0,0,0,0,0,0,0,0,0,0,0,0,0,0,0,0,0
2505,0,0,0,0,0,0,0,0,0,0,0,0,0,0,0,0,0,0,0,0
2506,0,0,0,0,0,0,0,0,0,0,0,0,0,0,0,0,0,0,0,0
2509,0,0,0,0,0,0,0,0,0,0,0,0,0,0,0,0,0,0,0,0
2511,0,0,0,0,0,0,0,0,0,0,0,0,0,0,0,0,0,0,0,0
2515,0,0,0,0,0,0,0,0,0,0,0,0,0,0,0,0,0,0,0,0
2516,0,0,0,0,0,0,0,0,0,0,0,0,0,0,0,0,0,0,0,0
2520,-967,0,0,0,0,0,0,0,0,0,0,0,15,0,0,0,0,0,0,0
2524,0,0,0,0,0,0,0,0,0,0,0,0,0,0,0,0,0,0,0,0
2527,0,0,0,0,0,0,0,0,0,0,0,0,0,0,0,0,0,0,0,0
2528,0,0,0,0,0,0,0,0,0,0,0,0,0,0,0,0,0,0,0,0
2530,0,0,0,0,0,0,0,0,0,0,0,0,0,0,0,0,0,0,0,0
2534,0,0,0,0,0,0,0,0,0,0,0,0,0,0,0,0,0,0,0,0
2535,0,0,5,9,0,0,5,0,0,0,14,0,27,0,0,5,0,0,0,4
2536,0,0,0,0,0,0,0,0,0,0,0,0,0,0,0,0,0,0,0,0
2537,0,0,0,0,0,0,0,0,0,0,0,0,0,0,0,0,0,0,0,0
2538,0,0,0,0,0,0,0,0,0,0,0,0,0,0,0,0,0,0,0,0
2539,0,0,0,0,0,0,0,0,0,0,0,0,0,0,0,0,0,0,0,0
2540,0,0,0,0,0,0,0,0,0,0,0,0,0,0,0,0,0,0,0,0
2542,0,-29,0,0,0,0,0,0,0,0,0,0,0,0,0,0,0,0,0,0
2543,0,0,0,0,0,0,0,0,0,0,0,0,0,0,0,0,0,0,0,0
2545,0,0,0,0,0,0,0,0,0,0,0,0,0,0,0,0,0,0,0,0
2546,0,0,0,0,0,0,0,0,0,0,0,0,21,0,0,0,0,0,0,0
2547,0,0,0,0,0,0,0,0,0,0,0,0,0,0,0,0,0,0,0,0
2548,0,0,0,-4,0,0,0,-3,0,0,0,0,4,-83,-5,0,0,0,-84,-4
2597,0,0,0,0,0,0,0,0,0,0,0,0,0,0,0,0,0,0,0,0
2841,0,0,0,0,0,0,0,0,0,0,0,0,0,0,0,0,0,0,0,0
3052,0,0,0,0,0,0,0,0,0,0,0,0,0,0,0,0,0,0,0,0
3056,0,0,0,0,0,0,0,0,0,0,0,0,0,0,0,0,0,0,0,0
3266,0,0,0,0,0,0,0,0,0,0,0,0,0,0,0,0,0,0,0,0
3703,0,0,0,0,0,0,0,0,0,0,0,0,0,0,0,0,0,0,0,0
5515,0,0,0,0,0,0,0,0,0,0,0,0,0,0,0,0,0,0,0,0
5519,0,0,0,0,0,0,0,0,0,0,0,0,0,0,0,0,0,0,0,0
5521,0,0,0,0,0,0,0,0,0,0,0,0,0,0,0,0,0,0,0,0
5522,0,0,0,0,0,19,0,0,0,0,0,0,0,0,0,0,0,-3,-6,0
5525,0,0,0,0,0,0,0,0,0,0,0,0,0,0,0,0,0,0,0,0
5531,0,0,0,0,0,0,0,0,0,0,0,0,0,0,0,0,0,0,0,0
5533,0,0,0,0,0,0,0,0,0,0,0,0,0,0,0,0,0,0,0,0
5534,0,0,0,-3,0,0,0,-3,0,0,0,0,4,-79,-4,0,0,0,-79,-4
6177,0,0,0,0,0,0,0,0,0,0,0,0,0,0,0,0,0,0,0,0
9906,0,0,0,0,0,0,0,0,0,0,0,0,0,0,0,0,0,0,0,0
9946,0,0,0,0,0,0,0,0,0,0,0,0,0,0,0,0,0,0,0,0
2208,0,0,0,0,0,0,0,0,0,0,0,0,0,0,0,0,0,0,0,0
2603,-789,-534,-6683,-17163,-2777,-1329,-462,-146,430,-3084,-4772,-12825,-8281,1682,4764,155,3646,-907,1333,6802
2605,0,0,0,0,0,0,-2950,0,0,0,0,0,0,2950,0,0,0,0,0,0
2606,50,-3468,185,-1,105,-191,4,-313,-241,-5311,-1794,-6415,-1507,918,757,15,2077,45,-341,242
2607,0,0,0,0,0,0,0,0,0,0,0,0,0,0,0,0,0,0,0,0
2608,0,0,0,0,0,0,0,0,0,0,0,0,0,0,0,0,0,-8,-16,0
2609,-206,1688,-755,-1546,149,-53,-743,230,100,-3323,-7020,-7593,-2973,1000,4420,2638,1821,353,1364,2514
2610,9591,100,-200,0,-4494,-20405,0,0,0,-5147,0,-2010,-5470,-3255,-5286,-13621,-3366,180,223,-8500
2611,0,0,0,0,0,0,0,0,0,0,0,0,0,0,0,0,0,0,0,0
2612,0,0,0,0,0,0,0,0,0,0,0,0,0,0,0,0,0,0,0,0
2613,0,0,0,0,0,0,0,0,0,0,0,0,0,0,0,0,0,0,0,0
2615,12,9,-2795,-605,-67,-350,2,1245,0,0,0,-209,-14,204,0,507,-318,-110,-2813,750
2617,0,0,3,6,0,0,3,0,0,0,9,0,0,0,0,3,0,0,0,4
2618,9853,0,3,2,0,0,0,0,8,-380,44,-596,15,12,-995,-458,2,-1562,0,0
2630,0,0,0,0,0,0,0,0,0,0,0,0,0,0,0,0,0,0,0,0
2633,0,-194,1,-1,0,0,0,0,9,9,40,12,-129,37,3,2,11,-88,-273,-87
2634,0,0,1,1,0,0,0,0,1,1,8,1,3,2,1,1,1,0,0,0
2636,0,0,0,4,336,0,33,0,0,-1247,6,0,6,0,399,433,815,0,0,2
2642,0,0,0,0,0,0,0,0,0,0,0,0,0,0,0,0,0,0,0,0
5607,0,0,0,0,0,0,0,0,0,0,0,0,0,0,0,0,0,0,0,0
5608,0,0,0,0,0,0,0,0,0,0,0,0,0,0,0,0,0,0,0,0
8367,0,0,0,0,0,0,0,0,0,0,0,0,0,0,0,0,0,0,0,0
2701,0,0,0,0,0,0,0,0,0,0,0,0,0,0,0,0,0,0,0,0
2702,0,0,0,0,0,0,0,0,0,0,0,0,0,0,0,0,0,0,0,0
2704,0,0,0,0,0,0,0,0,0,0,0,0,0,0,0,0,0,0,0,0
2705,0,0,0,0,0,0,0,0,0,0,0,0,0,0,0,0,0,0,0,0
2706,0,0,0,0,0,0,0,0,0,0,0,0,0,0,0,0,0,0,0,0
2707,0,0,0,0,0,0,0,0,0,0,0,0,0,0,0,0,0,0,-12,0
2712,0,0,0,0,0,0,0,0,0,0,0,0,0,0,0,0,0,0,0,0
2722,0,0,0,0,0,0,0,0,0,0,0,0,0,0,0,0,0,0,0,0
2727,0,0,0,-125,-249,0,0,0,-153,-120,39,-50,-175,-267,-53,-57,0,96,20,0
2731,0,0,0,0,0,0,0,0,0,0,0,-20,0,0,0,0,0,0,0,0
2739,0,0,0,0,0,0,0,0,0,0,0,0,0,0,0,0,0,0,0,0
2748,0,0,0,0,0,0,0,0,0,0,0,0,0,0,0,0,0,0,0,0
5706,0,0,0,0,0,0,0,0,0,0,0,0,0,0,0,0,0,0,0,0
8462,0,0,0,0,0,0,0,0,0,0,0,0,0,0,0,0,0,0,0,0
8940,0,0,0,0,0,0,0,0,0,0,0,0,0,0,0,0,0,0,0,0
9943,0,0,0,0,0,0,0,0,0,0,0,0,0,0,0,0,0,0,0,0
2801,0,-238,5,-110,0,0,0,-83,30,29,146,37,164,126,-126,10,31,5,8,-111
2809,0,1,1,0,0,0,0,0,2,1,10,1,24,3,1,1,1,0,0,0
2812,0,3,1,-45,0,0,0,-34,6,5,37,4,12,10,-53,4,2,2,0,-46
2816,0,0,0,0,0,0,0,0,0,0,0,0,0,0,0,0,0,0,0,0
2820,0,0,1,1,0,0,0,0,1,2,12,1,4,4,1,2,0,0,0,0
2823,221,-1,3,1,0,0,0,0,7,5,42,5,51,24,4,5,3,2,0,0
2832,0,0,0,0,0,0,0,0,0,0,0,0,0,0,0,0,0,0,0,0
2834,0,-3,3,-95,0,0,0,-71,11,7,67,8,23,46,-109,8,4,3,0,-94
2836,0,0,0,0,0,0,0,0,0,0,0,0,0,0,0,0,0,0,0,0
2838,0,0,0,0,0,0,0,0,0,0,0,0,0,0,0,0,0,0,0,0
2845,0,1,3,-1,0,0,0,0,5,4,31,3,10,21,3,4,1,-88,0,-89
2849,0,1,0,1,0,0,0,0,3,1,14,1,5,4,1,1,1,1,0,0
2850,0,0,0,0,0,0,0,0,0,0,0,0,0,0,0,0,0,0,0,0
2851,0,1,0,0,0,0,0,0,1,1,5,0,2,2,0,1,0,1,0,0
2852,0,0,0,0,0,0,0,0,0,0,0,0,0,0,0,0,0,0,0,0
2855,0,1,1,0,0,0,0,0,2,2,12,2,30,3,2,1,1,1,0,0
2867,0,2,1,1,0,0,0,0,3,3,23,1,9,5,3,2,2,1,0,0
2880,0,10,7,-170,1,0,1,-123,41,40,196,53,247,184,-190,14,47,8,15,-163
2881,-169,-2983,-371,-987,10,229,10,-87,2285,168,746,1394,1677,4842,1342,59,1497,17,1076,130
2882,-318,-1987,-277,-143,296,744,167,666,2368,190,786,1258,2606,7024,2842,627,1318,502,68,-911
2883,-1239,-9012,-528,-255,13,0,13,-172,22,-17243,3066,-6044,2226,3644,2201,1980,79,701,61,-741
2884,0,21,7,-216,28,0,28,-129,46,94,249,106,910,438,-3189,93,211,108,229,-18
2885,0,8,6,-204,0,0,0,-148,45,-599,205,61,895,2549,-233,12,199,2410,14,-200
2886,-502,-123,-2694,-191,2,0,2,-136,46,48,1222,63,967,1059,-213,18,62,-33,30,-627
2887,0,12,6,-183,9,0,9,-125,39,55,194,69,440,254,-200,28,96,-420,54,-553
2888,0,-31,7,-3,0,0,0,0,19,13,117,12,39,101,13,14,6,-501,0,-497
2889,0,0,0,-46,0,0,0,-35,0,0,0,0,0,0,-57,0,0,-145,-56,-161
2890,950,-5,593,-194,1,0,8,-133,17,25,2345,24,1659,1912,-213,26,50,538,30,-575
2891,-630,-652,-627,-3339,-1187,0,-532,-958,72,93,1640,774,2312,3871,180,45,2518,-15,106,-999
2892,-344,8,-121,-183,4,0,4,-130,42,49,1435,63,1141,1191,-203,22,72,120,46,-575
2897,0,1,2,0,0,0,0,0,4,3,24,3,8,7,4,1,2,2,0,0
5876,0,53,0,0,0,0,0,0,7,9,28,13,67,32,-432,0,13,-5,4,0
5880,0,6,7,-169,0,0,0,-123,42,41,199,54,236,181,-191,13,45,-405,12,-569
6005,0,1,1,-1,0,0,0,0,4,2,20,1,52,17,2,2,2,-13,-28,0
6024,0,0,0,0,0,0,0,0,0,0,0,0,0,0,0,0,0,0,0,0
1432,0,0,0,0,0,0,0,0,0,0,0,0,0,0,0,0,0,0,0,0
2601,0,0,0,0,0,0,0,0,0,0,0,0,0,0,0,0,0,0,0,0
2614,0,0,0,0,0,0,0,0,0,0,0,0,0,0,0,0,0,0,0,0
2901,0,0,0,0,0,0,0,0,0,0,0,0,0,0,0,0,0,0,0,0
2903,0,0,0,0,0,0,0,0,0,0,0,0,0,0,0,0,0,-46,-72,-46
2905,0,0,0,0,0,0,0,0,0,0,0,0,0,0,0,0,0,0,0,0
2906,0,0,0,0,0,0,0,0,0,0,0,0,0,0,0,0,0,0,0,0
2908,0,0,0,0,0,0,0,0,0,0,0,0,0,0,0,0,0,0,0,0
2910,0,0,0,0,0,0,0,0,0,0,0,0,0,0,0,0,0,0,0,0
2911,0,0,0,0,0,0,0,0,0,0,0,0,0,0,0,0,0,0,0,0
2912,64,276,1,58,0,0,107,20,15,35,103,3,73,76,1,3,3,37,-47,2
2913,0,0,0,0,0,0,0,0,0,0,0,0,0,0,0,0,0,0,0,0
2915,0,0,0,-8,0,0,0,-5,0,0,0,0,0,0,-9,0,12,-27,-82,-25
8443,0,0,0,0,0,0,0,0,0,0,0,0,0,0,0,0,0,0,0,0
8454,44,55,0,0,-4,3,4,85,151,20,14,0,58,1,0,0,0,0,-3,0
1342,0,0,0,0,0,0,0,0,0,0,0,0,0,0,0,0,0,0,0,0
1416,0,0,0,0,0,0,0,0,0,0,0,0,0,0,0,0,0,0,0,0
1435,0,0,0,0,0,0,0,0,0,0,0,0,0,0,0,0,0,0,0,0
1437,0,0,0,0,0,0,0,0,0,0,0,0,0,0,0,0,0,0,0,0
1516,0,0,0,0,0,0,0,0,0,0,0,0,0,0,0,0,0,0,0,0
2062,0,0,0,0,0,0,0,0,0,0,0,0,0,0,0,0,0,0,0,0
2348,0,0,0,-30,0,0,0,0,0,0,0,0,0,0,0,0,0,0,0,0
2358,0,0,0,0,0,0,0,0,0,0,0,0,0,0,0,0,0,0,0,0
2443,0,0,0,0,0,0,0,0,0,0,0,0,0,0,0,0,0,0,0,0
2496,0,0,0,0,0,0,0,0,0,0,0,0,0,0,0,0,0,0,0,0
2514,0,0,0,0,0,0,0,0,0,0,0,0,0,0,0,0,0,0,0,0
2904,0,0,0,0,0,0,0,0,0,0,0,0,0,0,0,0,0,0,0,0
3040,0,0,0,0,0,0,0,0,0,0,0,0,0,0,0,0,0,0,0,0
3557,0,0,0,0,0,0,0,0,0,0,0,0,0,0,0,0,0,0,0,0
4536,0,0,0,0,-40,25,0,0,0,-30,-3,-86,0,-10,0,0,0,0,0,0
6184,0,0,0,0,0,0,0,0,0,0,0,0,32,0,0,0,0,0,0,0
6464,0,0,0,0,0,0,0,0,0,0,0,0,0,0,0,0,0,0,0,0
6504,0,0,0,0,0,0,0,0,0,0,0,0,0,0,0,0,0,0,0,0
6581,0,0,0,0,0,0,0,0,0,0,0,0,0,0,0,0,0,0,0,0
6592,0,0,0,0,0,0,0,0,0,0,0,0,0,0,0,0,0,-7,-29,-7
6625,0,0,0,0,0,0,0,0,0,0,0,0,0,0,0,0,0,0,0,0
6655,0,0,0,0,0,0,0,0,0,0,0,0,0,0,0,0,0,0,0,0
6670,0,0,0,0,20,0,-53,0,47,0,-61,0,0,0,0,-31,0,-100,20,0
6754,0,0,0,0,0,0,0,0,0,0,0,0,0,0,0,0,0,0,0,0
8033,0,0,0,0,0,0,0,0,0,0,0,0,0,0,0,0,0,0,0,0
8341,0,0,0,0,0,0,0,0,0,0,1,0,1,0,0,0,0,0,0,0
8422,0,0,0,0,0,0,0,0,0,0,0,0,1,-26,0,0,0,0,-38,0
8463,0,0,0,0,0,0,0,0,0,0,0,0,0,0,0,0,0,0,0,0
8464,69,21,0,0,7,-5,13,0,33,14,97,347,335,-94,0,-115,45,-17,0,0
8473,0,0,0,0,0,0,0,0,0,0,0,0,0,0,0,0,0,0,0,0
8478,0,0,0,0,0,0,0,0,0,0,0,0,0,0,0,0,0,0,0,0
8481,0,0,0,0,0,0,0,0,0,0,0,0,0,0,0,0,0,0,0,0
9902,0,0,0,0,0,0,0,0,0,0,0,0,0,0,0,0,0,0,0,0
9904,35,75,188,66,2515,0,0,662,2203,1368,27,3,8,24,3,3,163,1,0,0
9905,0,0,0,0,0,0,0,0,0,0,0,0,0,0,0,0,0,0,0,0
9907,0,0,0,0,0,0,0,0,0,0,0,0,0,0,0,0,0,0,0,0
9910,626,529,304,326,400,67,203,188,1,2,3,2,9,6,-24,0,2,-0,1,-115
9911,0,0,0,0,0,0,0,0,0,0,0,0,-20,0,0,0,0,0,0,0
9914,140,2,166,-81,110,-28,-138,89,205,632,344,427,-18,32,0,-903,-578,0,-40,185
9917,0,0,0,0,0,0,0,0,0,0,0,0,0,1,0,0,0,-16,-41,-11
9919,0,0,0,0,0,0,0,0,0,0,3,0,0,0,0,1,0,0,0,0
9921,80,0,5,11,0,-1,6,22,80,23,215,109,1,1,1,5,0,-8,0,5
9924,0,0,0,0,0,0,0,0,0,0,0,0,30,0,0,0,0,0,0,0
9925,0,0,0,0,0,0,0,0,0,0,0,0,36,0,0,0,0,0,0,0
9927,0,0,0,0,0,0,0,0,0,0,0,0,0,0,0,0,0,0,0,0
9928,0,0,0,0,0,0,0,0,0,0,0,0,0,0,0,0,0,0,0,0
9929,0,0,0,0,0,0,0,0,0,0,0,0,0,0,0,0,0,0,0,0
9930,0,0,0,0,0,0,0,0,0,0,0,0,0,0,0,0,0,0,0,0
9933,0,0,0,0,0,0,0,0,0,0,0,0,0,0,0,0,0,0,-69,0
9934,0,0,0,0,0,0,0,0,0,0,0,0,0,0,0,0,0,0,0,0
9935,0,0,0,0,0,0,0,0,0,0,0,0,0,0,0,0,0,0,0,0
9938,0,0,0,250,-99,-30,0,128,176,69,218,318,528,101,0,-100,-58,0,88,40
9939,50,103,0,0,0,0,0,-98,0,-460,0,74,4,0,0,0,0,0,0,0
9940,0,0,0,0,0,0,0,0,0,0,0,0,0,0,0,0,0,0,0,0
9941,0,0,3,8,0,0,3,0,0,0,12,1,1,0,1,3,0,-7,-22,-3
9942,0,0,0,0,0,0,0,0,0,0,0,0,0,0,0,0,0,0,0,0
9944,0,0,0,0,0,0,0,0,0,0,0,0,0,0,0,0,0,0,0,0
9945,0,0,18,37,0,0,19,0,0,0,55,0,0,0,0,19,0,0,0,18
9955,0,0,0,0,0,0,0,0,0,0,0,0,0,0,0,0,0,0,0,0
1264,0,0,0,0,0,0,0,0,0,0,0,0,0,0,0,0,0,0,0,0
1796,0,0,0,0,0,0,0,0,0,0,0,0,0,0,0,0,0,0,0,0
4205,0,0,0,0,0,0,0,0,0,0,0,0,0,0,0,0,0,0,0,0
4207,0,0,0,0,0,0,0,0,0,0,0,0,0,0,0,0,0,0,0,0
4712,0,0,0,0,0,0,0,0,0,0,0,0,0,0,0,0,0,0,0,0
4303,0,0,0,0,0,0,0,0,0,0,0,0,0,0,0,0,0,0,0,0
4304,0,0,0,0,0,0,0,0,0,0,0,0,0,0,0,0,0,0,0,0
4305,0,0,0,0,0,0,0,0,0,0,0,0,0,0,0,0,0,0,0,0
8354,0,0,0,0,0,0,0,0,0,0,0,0,0,0,0,0,0,0,0,0
9950,0,0,0,0,0,0,0,0,0,0,0,0,0,0,0,0,0,0,0,0
4401,0,0,0,0,0,0,0,0,0,0,0,0,0,0,0,0,0,0,0,0
4402,0,0,0,0,0,0,0,0,0,0,0,0,0,0,0,0,0,0,0,0
4406,0,0,0,0,0,0,0,0,0,0,0,0,0,0,0,0,0,0,0,0
4413,0,0,0,0,0,0,0,0,0,0,0,0,0,0,0,0,0,0,0,0
4417,0,0,0,0,0,0,0,0,0,0,0,0,0,0,0,0,0,0,0,0
4419,0,0,0,0,0,0,0,0,0,0,0,0,0,0,0,0,0,0,0,0
4420,0,0,0,0,0,0,0,0,0,0,0,0,0,0,0,0,0,0,0,0
4429,0,0,0,0,0,0,0,0,0,0,0,0,0,0,0,0,0,0,0,0
4432,0,0,0,0,0,0,0,0,0,0,0,0,0,0,0,0,0,0,0,0
4433,0,0,0,0,0,0,0,0,0,0,0,0,0,0,0,0,0,0,0,0
1570,0,0,0,0,0,0,0,0,0,0,0,0,0,0,0,0,0,0,0,0
1580,0,0,0,23,0,0,0,0,0,0,0,50,0,0,0,0,0,0,0,0
1586,0,0,0,0,0,0,0,0,0,0,0,0,0,0,0,0,0,0,0,0
1599,0,0,0,0,0,0,0,0,0,0,0,0,0,0,0,0,0,0,0,0
2066,0,0,0,0,0,0,0,0,0,0,0,0,0,0,0,0,0,0,0,0
2067,0,0,0,0,0,0,0,0,0,0,0,0,0,0,0,0,0,0,0,0
2070,0,0,0,0,0,0,0,0,0,0,0,0,0,0,0,0,0,0,0,0
2230,0,0,0,0,0,0,0,0,0,0,0,0,0,0,0,0,0,0,0,0
2235,0,0,0,0,0,0,0,0,0,0,0,0,0,0,0,0,0,0,0,0
3162,0,0,0,0,0,0,0,0,0,0,0,0,0,0,0,0,0,0,0,0
3178,0,0,0,0,0,0,0,0,0,0,0,0,0,0,0,0,0,0,0,0
3226,0,0,0,0,0,0,0,0,0,0,0,0,0,0,0,0,0,0,0,0
3379,0,0,0,0,0,0,0,0,0,0,0,0,0,0,0,0,0,0,0,0
3426,0,0,0,0,0,0,0,0,0,0,0,0,0,0,0,0,0,0,0,0
4502,0,0,0,0,0,0,0,0,0,0,0,0,0,0,0,0,0,0,0,0
4503,0,0,0,0,0,0,0,0,0,0,0,0,0,0,0,0,0,0,0,0
4506,0,0,0,0,0,0,0,0,0,0,0,0,0,0,0,0,0,0,0,0
4510,0,0,0,0,0,0,0,0,0,0,0,0,0,0,0,0,0,0,0,0
4513,0,0,0,0,0,0,0,0,0,0,0,0,0,0,0,0,0,0,0,0
4523,0,0,0,0,0,0,0,0,0,0,0,0,0,0,0,0,0,0,0,0
4527,0,0,0,0,0,0,0,0,0,0,0,0,0,0,0,0,0,0,0,0
4528,0,0,0,0,0,0,0,0,0,0,0,0,0,0,0,0,0,-75,0,0
4530,0,0,0,0,0,0,0,0,0,0,0,0,0,0,0,0,0,0,0,0
4533,0,0,0,0,0,0,0,0,0,0,0,0,0,0,0,0,0,0,0,0
4534,0,0,0,0,0,0,0,0,0,0,0,0,0,0,0,0,0,0,0,0
4535,0,0,0,0,0,0,0,0,0,0,0,0,0,0,0,0,0,0,0,0
4538,0,0,0,0,0,0,0,0,0,0,0,0,0,0,0,0,0,0,0,0
4543,0,0,0,0,0,0,0,0,0,0,0,0,0,0,0,0,0,0,0,0
4549,0,0,0,0,0,0,0,0,0,0,0,0,0,0,0,0,0,0,0,0
4550,0,0,0,0,0,0,0,0,0,0,0,0,0,0,0,0,0,0,0,0
4561,0,0,0,0,0,0,0,0,0,0,0,0,0,0,0,0,0,0,0,0
4563,0,0,0,0,0,0,0,0,0,0,0,0,0,0,0,0,0,0,0,0
4568,0,0,0,0,0,0,0,0,0,0,0,0,0,0,0,0,0,0,0,0
4580,0,0,0,0,0,0,0,0,0,0,0,0,0,0,0,0,0,0,0,0
6122,0,0,0,0,0,0,0,0,0,0,0,0,0,0,0,0,0,0,0,0
6425,0,0,0,0,0,0,0,0,0,0,0,0,0,0,0,0,0,0,0,0
6603,0,0,0,0,0,0,0,0,0,0,0,0,0,0,0,0,0,0,0,0
6609,0,0,0,0,0,0,0,0,0,0,0,0,0,0,0,0,0,0,0,0
8027,0,0,0,0,0,0,0,0,0,0,0,63,0,0,0,0,0,0,0,0
8083,0,0,0,0,0,0,0,0,0,0,0,0,0,0,0,0,0,0,0,0
8107,0,0,0,0,0,0,0,0,0,0,0,0,0,0,0,0,0,0,0,0
8255,0,0,0,0,0,0,0,-25,0,0,0,0,0,0,0,0,0,0,0,-81
9951,0,0,0,0,0,0,0,0,0,-98,0,0,10,0,0,10,0,10,0,0
2061,0,0,0,0,0,0,0,0,0,0,0,0,0,0,0,0,0,0,0,0
4609,0,0,0,0,0,0,0,0,0,0,0,0,0,0,0,0,0,0,0,0
1742,0,0,0,0,0,0,0,0,0,0,0,0,0,0,0,0,0,0,0,0
4702,0,0,0,0,0,0,0,0,0,0,0,0,0,0,0,0,0,0,0,0
4706,0,0,0,0,0,0,0,0,0,0,0,0,0,0,0,0,0,0,0,0
4707,0,0,0,0,0,0,0,0,0,0,0,0,0,0,0,0,0,0,0,0
4711,0,0,0,0,0,0,0,0,0,0,0,0,0,0,0,0,0,0,0,0
4714,0,0,0,0,0,0,0,0,0,0,0,0,0,0,0,0,0,0,0,0
4716,0,0,0,0,0,0,0,0,0,0,0,0,0,0,0,0,0,0,0,0
4721,0,0,0,0,0,0,0,0,0,0,0,0,0,0,0,0,0,0,0,0
4741,0,0,0,0,0,0,0,0,0,0,0,0,0,0,0,0,0,0,0,0
4754,0,0,0,0,0,0,0,0,0,0,0,0,0,0,0,0,0,0,0,0
4767,0,0,0,0,0,0,0,0,0,0,0,0,0,0,0,0,0,0,0,0
6506,0,0,0,0,0,0,0,0,0,0,0,0,0,0,0,0,0,0,0,0
6509,0,0,0,0,0,0,0,0,0,0,0,0,0,0,0,0,0,0,0,0
1565,0,-4,0,0,0,0,-114,0,0,-1,0,0,0,-13,0,0,34,0,-14,-30
1593,0,0,0,0,0,0,0,0,0,0,0,0,0,0,0,0,0,0,0,0
1752,0,0,0,0,0,0,0,0,0,0,0,0,0,0,0,0,0,0,0,0
1777,0,0,0,0,0,0,0,0,0,0,0,0,0,0,0,0,0,0,0,0
1781,0,0,0,0,0,0,0,0,0,0,0,0,0,0,0,0,0,0,0,0
1784,0,0,0,0,0,0,0,0,0,0,0,0,0,0,0,0,0,0,0,0
1788,0,0,0,0,0,0,0,0,0,0,0,0,0,0,0,0,0,0,0,0
1799,0,0,0,0,0,0,0,0,0,0,0,0,0,0,0,0,0,0,0,0
1813,0,0,0,0,0,0,0,0,0,0,0,0,0,0,0,0,0,0,0,0
3118,0,0,0,0,0,0,0,0,0,0,0,0,0,0,0,0,0,0,0,0
3176,0,0,0,0,0,0,0,0,0,0,0,0,0,0,0,0,0,0,0,0
3205,0,0,0,0,0,0,0,0,0,0,0,0,0,0,0,0,0,0,0,0
3218,0,-87,2,-210,0,4,0,8,22,14,52,0,1,0,30,0,29,0,0,0
4102,0,0,0,0,0,0,0,0,0,0,0,0,0,0,0,0,0,0,0,0
4105,500,0,0,0,0,0,0,0,-51,0,0,0,4,424,1900,1051,1300,0,-76,0
4107,0,0,0,0,0,0,0,0,0,0,0,0,0,-43,-37,0,0,-42,0,0
4109,0,0,0,0,0,0,0,0,0,0,0,0,0,0,0,0,0,0,0,0
4111,0,0,0,0,0,0,0,0,0,0,0,0,0,0,0,0,0,0,0,0
4114,0,0,0,0,0,0,0,0,0,0,0,0,0,0,0,0,0,0,0,0
4116,0,0,0,0,0,0,0,0,0,0,0,0,0,0,0,0,0,0,0,0
4120,0,0,0,0,0,0,0,0,0,0,0,0,0,0,0,0,0,0,0,0
4121,0,0,0,0,0,0,0,0,0,0,0,0,0,0,0,0,0,0,0,0
4123,0,0,0,0,0,0,0,0,0,-1,0,0,0,0,-3,0,0,0,0,0
4126,0,0,0,-46,0,0,0,0,0,0,0,0,0,0,0,0,0,0,0,0
4127,0,0,0,0,0,0,0,0,0,0,0,0,0,0,0,0,0,0,0,0
4128,0,0,0,0,0,0,0,0,0,0,0,0,0,0,0,0,0,0,0,0
4129,0,0,0,0,0,0,0,0,0,0,0,0,0,0,0,0,0,0,0,0
4130,0,0,0,0,0,0,0,0,0,0,0,0,0,0,0,0,0,0,0,0
4131,0,0,0,0,0,0,0,0,0,0,0,0,0,0,0,0,0,0,0,0
4138,0,0,0,0,0,0,0,0,0,0,0,0,0,0,0,0,0,0,0,0
4147,0,0,0,0,0,0,0,0,0,0,0,0,0,0,0,0,0,0,0,0
4152,0,0,0,0,0,0,0,0,0,0,0,0,0,0,0,0,0,0,0,0
4153,0,0,0,0,0,0,0,0,0,0,0,0,0,0,0,0,0,0,0,0
4160,0,0,0,0,0,0,0,0,0,0,0,0,0,0,0,0,0,0,0,0
4161,0,0,0,0,0,0,0,0,0,0,0,0,0,0,0,0,0,0,0,0
4162,0,0,0,0,0,0,0,0,0,0,0,0,0,0,0,0,0,0,0,0
4163,0,0,0,0,0,0,0,0,0,0,0,0,0,0,0,0,0,0,0,0
4167,0,0,0,0,0,0,0,0,0,0,0,0,0,0,0,0,0,0,0,0
4168,0,0,0,0,0,0,0,0,0,0,0,0,0,0,0,0,0,0,0,0
4173,0,0,0,0,0,0,0,0,0,0,0,0,0,0,0,0,0,0,0,0
4174,0,0,0,0,0,0,0,0,0,0,0,0,0,0,0,0,0,0,0,0
4175,0,0,0,0,0,0,0,0,0,0,0,0,0,0,0,0,0,0,0,0
4183,0,0,0,0,0,0,0,0,0,0,0,0,0,0,0,0,0,0,0,0
4188,0,0,0,0,0,0,0,0,0,0,0,0,0,0,0,0,0,0,0,0
4192,0,0,0,0,0,0,0,0,0,0,0,0,0,0,0,0,0,0,0,0
4198,0,0,0,0,0,0,0,0,0,0,0,0,0,0,0,0,0,0,0,0
4726,0,0,0,0,0,0,0,0,0,0,0,0,0,0,0,0,0,0,0,0
4728,0,0,0,0,0,0,0,0,0,0,0,0,0,0,0,0,0,0,0,0
4735,0,0,0,0,0,0,0,0,0,0,0,0,0,0,0,0,0,0,0,0
4736,-13,0,0,-21,-20,0,0,0,0,0,114,80,0,0,0,0,0,-35,-60,0
4743,0,2,0,0,0,0,0,0,0,0,0,0,0,0,0,0,0,0,0,0
4744,0,0,0,0,0,0,0,0,0,0,0,0,0,0,0,0,0,0,0,0
4747,0,0,0,0,0,0,0,0,0,0,0,0,0,0,0,0,0,0,0,0
4911,0,0,0,0,0,0,0,0,0,0,0,0,0,0,0,0,0,0,0,0
5312,0,0,0,0,0,0,0,0,0,0,0,0,0,0,0,0,0,0,0,0
6130,0,0,0,0,0,0,0,0,0,0,0,0,0,0,0,0,0,0,0,0
6242,0,0,0,0,0,0,0,0,0,0,0,0,0,0,0,0,0,0,0,0
6446,0,0,0,0,0,0,0,0,0,0,0,0,0,0,0,0,0,0,0,0
6461,0,0,0,0,0,0,0,0,0,0,0,0,0,0,0,0,0,0,0,0
6469,0,0,0,0,0,0,0,0,0,0,0,0,0,0,0,0,0,0,0,0
6472,0,0,0,0,0,0,0,210,0,0,7,0,0,0,0,0,0,0,0,0
6492,0,0,0,0,0,0,0,0,0,0,0,0,0,0,0,0,0,0,0,0
6496,0,0,0,0,0,0,0,0,0,0,0,0,0,0,0,0,0,0,0,0
6499,0,0,0,0,0,0,0,0,0,0,0,0,0,0,0,0,0,0,0,0
6523,0,0,0,0,0,0,0,0,0,0,0,0,0,0,0,0,0,0,0,0
6527,0,0,0,0,0,0,0,0,0,0,0,0,0,0,0,0,0,0,0,0
6535,0,0,0,0,0,0,0,0,0,0,0,0,0,0,0,0,0,0,0,0
6547,0,0,0,0,0,0,0,0,0,0,0,58,0,0,0,0,0,0,0,0
6569,0,0,0,0,0,0,0,0,0,0,0,0,0,0,0,0,0,0,0,0
6574,0,0,0,0,0,0,0,0,0,0,0,0,0,0,0,0,0,0,0,0
6576,0,0,0,0,0,0,0,0,0,0,0,0,0,0,0,0,0,0,0,0
6589,0,0,0,0,0,0,0,0,0,0,0,0,0,0,0,0,0,0,0,0
6612,0,0,0,0,0,0,0,0,0,0,0,0,0,0,0,0,0,0,0,0
6615,0,0,0,0,0,0,0,0,0,0,0,0,0,0,0,0,0,0,0,0
6649,0,0,0,0,0,0,0,0,0,0,0,0,0,0,0,0,0,0,0,0
6661,0,0,0,0,0,0,0,0,0,0,0,0,0,0,0,0,0,0,0,0
6662,0,0,0,0,0,0,0,0,0,0,0,0,0,0,0,0,0,0,0,0
6703,0,0,0,0,0,0,0,0,0,0,0,0,0,0,0,0,0,0,0,0
6712,0,0,0,0,0,0,0,0,0,0,0,0,0,0,0,0,0,0,0,0
6733,0,0,0,0,0,0,0,0,0,0,0,0,0,0,0,0,0,0,0,0
6747,0,0,0,0,0,0,0,0,0,0,2,4,0,0,0,0,0,0,0,0
6762,0,0,0,0,0,0,0,0,0,0,0,0,0,0,0,0,0,0,0,0
6767,0,0,0,0,0,0,0,0,0,0,0,0,0,0,0,0,0,0,0,0
8279,0,0,0,0,0,0,0,0,0,0,0,0,0,0,0,0,0,0,0,0
8403,0,0,0,0,0,0,0,0,0,0,0,0,0,0,0,0,0,0,0,0
8409,0,0,0,0,0,0,0,0,0,0,0,0,0,0,0,0,0,0,0,0
8432,0,0,0,0,0,0,0,0,0,0,0,0,0,0,0,0,0,0,0,0
8436,64,25,232,100,738,241,82,40,0,0,80,0,117,244,-1,0,0,0,-36,-60
2035,0,0,0,0,0,0,0,0,0,0,0,0,0,0,0,0,0,0,0,0
2063,0,0,0,0,0,0,0,0,0,0,0,0,0,0,0,0,0,0,0,0
2064,0,0,0,0,0,0,0,0,0,0,0,0,0,0,0,0,0,0,0,0
2065,0,0,0,0,0,0,0,0,0,0,0,0,0,0,0,0,0,0,0,0
5009,0,0,0,0,0,0,0,0,0,0,0,0,0,0,0,0,0,0,0,0
5011,0,0,0,0,0,0,0,0,0,0,0,0,0,0,0,0,0,0,0,0
5013,0,0,0,0,0,0,0,0,0,0,0,0,0,0,0,0,0,0,0,0
5014,0,0,0,0,0,0,0,0,0,0,0,0,0,0,0,0,0,0,0,0
5015,0,0,0,0,0,0,0,0,0,0,0,0,0,0,0,0,0,0,0,0
5016,0,0,0,0,0,0,0,0,0,0,0,0,0,0,0,0,0,0,0,0
6248,0,0,0,0,0,0,0,0,0,0,0,0,0,0,0,0,0,0,0,0
8349,0,0,0,0,0,0,0,0,0,0,0,0,0,0,0,0,0,26,0,0
8415,0,0,0,0,0,92,0,0,0,0,0,0,83,0,0,0,0,0,0,0
8930,0,0,0,0,0,0,0,0,0,0,0,0,0,0,0,0,0,0,0,0
9962,0,0,0,0,0,0,0,0,0,0,0,0,0,0,0,0,0,0,0,0
5102,0,0,0,0,0,0,0,0,0,0,0,0,0,0,0,0,0,0,0,0
3073,0,0,0,0,0,0,0,0,0,0,0,0,0,0,0,0,0,0,0,0
3105,99,246,154,82,1,0,1,0,0,6,26,14,96,69,3,1,-34,-29,-151,-80
3122,0,0,0,0,0,0,0,0,0,0,0,0,0,0,0,0,0,0,0,0
3141,0,0,0,0,0,0,-249,0,50,0,192,97,97,0,0,24,25,0,0,0
3169,0,0,0,0,0,0,0,0,0,0,0,0,0,0,0,0,0,0,0,0
3219,0,0,0,0,0,0,0,0,0,0,0,0,0,0,0,0,0,0,0,0
3227,0,-12,0,-27,0,0,0,0,66,249,388,215,82,-151,-679,0,-162,-180,0,-380
3228,0,0,0,0,0,0,0,-1,0,0,0,0,0,0,0,0,0,0,0,0
3259,0,0,0,0,0,0,0,0,0,0,0,0,0,0,0,0,0,0,0,0
3260,0,0,215,0,-209,-407,-29,198,-198,-2472,20,-273,-664,-538,-401,4,479,0,-50,3187
3264,610,0,-0,0,-228,0,104,492,626,667,0,-0,-0,-0,-225,0,0,0,0,0
3265,0,0,0,0,0,0,0,0,0,0,0,0,0,0,0,0,0,0,0,0
3268,0,0,0,0,0,0,0,0,0,0,0,0,0,0,0,0,0,0,0,0
3317,0,0,0,0,0,0,0,0,0,0,0,0,0,0,0,0,0,0,0,0
3372,0,0,0,0,0,0,0,0,0,0,0,0,0,0,0,0,0,0,0,0
3374,65,638,1273,626,467,0,0,0,0,-1,0,216,0,0,-1,0,0,210,300,250
3438,0,0,0,1,0,0,0,0,0,0,10,0,34,0,0,0,0,0,0,0
3527,0,0,0,0,0,0,0,0,0,0,0,0,0,0,0,0,0,0,0,0
3529,7,52,79,25,84,47,37,47,0,19,33,27,-28,-2,-69,-31,-45,-99,-91,7
3555,0,0,0,0,0,0,0,0,0,0,0,0,0,0,0,0,0,0,0,0
3556,0,0,0,0,0,0,0,0,0,0,0,0,0,0,0,0,0,0,0,0
3567,0,0,0,16,0,0,0,0,0,0,50,0,35,0,0,15,0,50,0,0
3581,0,0,0,0,0,0,0,0,0,0,0,0,0,0,0,0,0,0,0,0
3675,0,0,0,0,0,0,0,0,0,0,0,0,0,0,0,0,0,0,0,0
3680,0,0,0,10,0,-23,0,0,0,-1,7,-116,-51,-18,0,24,-10,-16,0,0
3707,0,2253,205,1100,0,600,0,600,0,0,-1121,413,2032,130,-521,0,-419,0,-53,-2424
4945,0,0,0,0,0,0,0,0,0,0,0,0,0,0,0,0,0,0,0,0
4973,0,0,0,0,0,0,0,0,0,0,0,0,0,0,0,0,0,0,0,0
5272,0,0,0,0,0,0,0,0,0,0,0,0,0,0,0,0,0,0,0,0
5274,95,27,43,25,3,-6,8,0,-1,45,17,43,2,20,52,87,3,0,4,23
5299,0,0,0,0,0,0,0,0,0,0,0,0,0,0,0,0,0,0,0,0
5302,0,0,0,0,0,0,0,0,0,0,0,0,0,0,0,0,0,0,0,0
5314,0,0,0,0,0,0,0,0,0,0,0,0,0,0,0,0,0,0,0,0
5344,0,0,0,0,0,0,0,0,0,0,0,0,0,0,0,0,0,0,0,0
5347,441,909,422,257,222,295,191,226,105,537,556,955,541,169,6,4,76,605,16,-266
5351,0,0,0,0,0,0,0,0,0,0,0,0,0,0,0,0,0,0,0,0
5425,-387,0,0,135,21,15,0,135,251,-672,-58,-289,-156,-170,509,0,-45,50,0,70
5468,0,0,0,0,0,0,0,0,0,0,0,0,0,0,0,0,0,0,0,0
5483,181,217,227,132,1,10,-92,-4,99,154,-815,-85,110,-1716,-725,55,-131,-731,0,0
5487,0,0,0,0,0,0,0,0,0,0,0,0,0,0,0,0,0,0,0,0
6103,0,0,0,0,0,0,0,0,0,0,0,0,0,0,0,0,0,0,0,0
6104,0,0,0,0,0,0,0,0,0,0,-113,0,0,0,0,0,0,0,0,0
6129,0,0,0,0,0,0,0,0,0,0,0,0,0,0,0,0,0,0,0,0
6138,-147,297,120,297,401,59,0,23,97,16,50,507,0,0,20,185,35,0,-200,-201
6147,189,266,-55,157,1,-222,0,0,13,-405,13,227,4,-806,-4,-1201,0,0,-557,0
6182,0,15,418,0,428,0,0,0,0,-1204,-1000,31,0,-1730,-3,0,304,328,457,165
6198,0,0,0,0,0,0,0,0,0,0,0,0,0,0,0,0,0,0,0,0
6223,17,81,72,-136,-240,0,0,20,0,0,0,-500,0,0,370,0,0,0,-200,0
6229,0,0,0,0,0,0,0,0,0,0,0,0,0,0,0,0,0,0,0,0
6233,0,0,0,0,0,0,0,0,0,0,0,0,0,0,0,0,0,0,0,0
6237,0,0,0,430,0,0,0,0,-35,177,53,150,0,0,-412,-27,-27,0,-24,-314
6261,0,0,0,0,0,0,0,0,0,0,0,0,0,0,0,0,0,0,0,0
6287,0,0,0,0,0,0,0,0,0,0,0,0,0,0,0,0,0,0,0,0
6291,0,0,0,0,0,0,0,0,0,0,0,0,0,0,0,0,0,0,0,0
6411,0,0,0,0,0,0,17,45,30,-14,0,-70,-84,4,0,0,0,0,-52,0
6435,0,0,0,0,0,0,0,0,0,0,0,0,0,0,0,0,0,0,0,0
6457,0,0,0,0,0,0,0,0,0,0,0,0,0,0,0,0,0,0,0,0
6462,0,0,0,0,0,0,0,0,0,0,0,0,0,0,0,0,0,0,0,0
6485,0,0,0,0,0,0,0,0,-350,0,0,0,0,0,0,0,0,0,350,0
6488,57,94,157,217,5,0,-129,1,21,67,146,-90,-161,-424,-347,-319,-470,-1384,142,34
6494,0,0,0,0,0,0,0,0,0,0,0,0,0,0,0,0,0,0,0,0
6510,0,0,0,0,0,0,0,-11,0,-1,0,-9,-30,0,0,0,0,-69,0,0
6532,0,0,0,0,0,0,0,0,0,0,0,0,0,0,0,0,0,0,0,0
6548,0,0,0,0,0,0,0,0,0,0,0,10,0,0,9,0,10,10,18,0
6568,14,0,14,14,0,0,-415,-32,-46,-404,-38,-184,0,0,0,0,-10,0,0,0
6594,0,0,0,0,0,0,0,0,0,0,0,0,0,0,0,0,0,0,0,0
6640,0,0,0,0,0,0,0,0,0,0,0,0,0,0,0,0,0,0,0,0
6643,0,0,0,55,0,0,0,0,0,0,0,97,86,0,0,0,0,0,0,0
6651,0,0,0,0,0,0,0,0,0,0,0,0,0,0,0,0,0,0,0,0
6679,-91,-283,-496,151,114,55,154,280,150,1277,762,217,0,0,-99,2,15,10,0,100
6683,0,0,0,0,0,0,0,0,0,0,0,0,0,0,0,-1,0,-21,0,0
6716,0,0,0,0,0,0,0,0,0,0,0,0,0,0,0,0,0,0,0,0
6732,-8,-7,0,0,0,0,13,-150,-131,-138,-142,-60,-88,-10,0,0,12,-100,-7,-121
7556,0,0,14,0,0,24,0,15,0,0,0,0,0,0,0,0,0,0,0,0
8024,0,0,0,0,0,0,0,0,0,0,0,0,0,0,0,0,0,0,0,0
8040,0,0,0,0,0,0,0,0,0,0,0,0,0,0,0,0,0,0,0,0
8054,0,0,0,0,0,0,0,0,0,0,0,0,0,0,0,0,0,0,0,0
8086,135,635,2272,1221,-99,-17,-60,208,250,-1,-62,-28,-95,-313,-118,56,138,-1457,-2474,-1147
8088,0,0,0,0,0,0,0,0,0,0,0,0,0,0,0,0,0,0,0,0
8277,0,0,0,0,0,0,0,0,0,0,0,0,0,0,0,0,0,0,0,0
8299,-19,-176,-35,13,-39,-582,-56,-4,-68,-274,-20,-271,-479,-5,3,33,-56,27,-399,243
1569,0,0,0,0,0,0,0,0,0,0,0,0,0,0,0,0,0,0,0,0
3071,0,0,0,0,0,0,0,0,0,0,0,0,0,0,0,0,0,0,0,0
3088,0,0,0,0,0,0,0,0,0,0,0,0,0,0,0,0,0,0,0,0
3211,0,0,0,0,0,0,0,0,0,-1,0,0,1,-17,0,0,0,0,-16,0
3213,0,0,0,0,0,0,0,0,0,0,0,0,0,0,0,0,0,0,0,0
3272,0,0,0,0,0,0,0,0,0,0,0,0,0,0,0,0,0,0,0,0
3287,0,0,0,0,0,0,0,0,0,0,0,0,0,0,0,0,0,0,0,0
3323,0,0,0,0,0,0,0,0,0,0,0,0,0,0,0,0,0,0,0,0
3325,0,0,0,0,0,0,0,0,0,0,0,0,0,0,0,0,0,0,0,0
3479,0,0,0,0,0,0,0,0,0,0,0,0,0,0,0,0,0,0,0,0
3483,0,0,0,0,40,34,0,11,0,0,0,0,0,0,0,0,0,0,0,0
3521,0,0,0,0,0,0,0,0,0,0,0,0,0,0,0,0,0,0,0,0
3540,0,0,0,0,0,0,0,0,0,11,0,11,0,0,0,0,0,-118,0,0
3577,0,0,0,0,0,0,0,0,0,0,0,0,0,0,0,0,0,0,0,0
3594,0,0,0,0,0,0,0,0,0,0,0,0,0,0,0,0,0,0,0,0
3611,0,0,0,0,0,0,0,0,0,0,0,0,0,0,0,0,0,0,0,0
3625,0,0,0,0,0,0,0,0,0,0,0,0,0,0,0,0,0,0,0,0
3652,0,0,0,0,0,0,0,0,0,0,0,0,0,0,0,0,0,0,0,0
3693,0,0,0,0,0,0,0,0,0,0,0,0,0,0,0,0,0,0,0,0
3709,0,0,0,0,0,0,0,0,0,0,0,0,0,0,0,0,0,0,0,0
4931,0,0,0,0,0,0,0,0,0,0,0,0,0,0,0,0,0,0,0,0
4987,0,0,0,0,0,0,0,0,0,0,0,0,0,0,0,0,0,0,0,0
5289,0,0,0,0,0,0,0,0,0,0,0,0,26,-8,0,0,26,0,-8,0
5356,0,0,0,0,0,0,0,0,0,0,0,0,0,0,0,0,0,0,0,0
5386,0,0,0,0,0,0,0,0,0,0,0,0,0,0,0,0,0,0,0,0
5426,0,0,0,0,0,0,0,0,0,0,0,0,0,0,0,0,0,0,0,0
5438,0,0,0,0,0,0,0,0,0,0,0,0,0,0,0,0,0,0,0,0
5465,0,0,0,0,0,0,0,0,0,0,0,0,0,0,0,0,0,0,0,0
5474,0,0,0,0,0,0,0,0,0,0,0,0,0,0,0,0,0,0,0,0
5490,0,0,0,0,0,0,0,0,0,0,0,0,0,0,0,0,0,0,0,0
6121,0,0,0,0,0,3,0,0,0,43,0,89,0,0,-1,88,-2,-245,0,0
6123,0,0,0,0,0,0,0,0,0,0,0,0,0,0,0,0,0,0,0,0
6150,0,0,0,0,0,0,0,0,0,3,3,0,0,0,0,0,0,0,0,0
6160,0,0,0,0,0,0,0,0,0,0,0,0,0,0,0,0,0,0,0,0
6161,0,0,0,0,0,0,0,0,0,0,0,0,0,0,0,0,0,0,0,0
6188,0,0,0,0,0,0,0,0,0,0,0,0,0,0,0,0,0,0,0,0
6228,0,0,0,0,0,0,0,0,0,0,0,0,0,0,0,0,0,0,0,0
6276,0,0,0,0,0,0,0,0,0,0,0,0,0,0,0,0,0,0,0,0
6441,0,0,0,-18,-393,-326,-225,-202,-329,-21,0,-76,0,0,0,230,0,0,0,0
6570,0,0,0,0,0,0,0,0,0,0,0,0,0,0,0,0,0,0,0,0
6577,0,0,0,0,0,0,0,0,0,0,0,0,0,0,0,0,0,0,0,0
6680,0,0,0,0,0,0,0,0,0,0,0,0,0,0,0,0,0,0,0,0
8050,0,0,0,0,0,0,0,0,0,0,0,0,0,0,0,0,0,0,0,0
8076,0,0,0,0,0,0,0,0,0,0,0,0,0,0,0,0,0,0,0,0
8234,0,0,0,0,0,0,0,0,0,0,0,0,0,0,0,0,0,0,0,0
8410,0,0,0,0,0,0,0,0,0,0,0,0,0,0,0,0,0,0,0,0
3066,0,0,0,0,0,0,0,0,0,0,0,0,0,0,0,0,0,0,0,0
3128,0,0,0,0,0,0,0,0,0,0,0,0,0,0,0,0,0,0,0,0
3230,0,0,0,0,0,0,0,0,0,0,0,0,0,0,0,0,0,0,0,0
3297,0,0,0,0,0,0,0,0,0,0,0,0,0,0,0,0,0,0,0,0
3339,0,0,0,0,0,0,0,0,0,0,0,0,0,0,0,0,0,0,0,0
3362,0,0,0,0,0,0,0,0,0,0,0,0,0,0,0,0,0,0,0,0
3434,0,0,0,0,0,0,0,0,0,0,0,0,0,0,0,0,0,0,0,0
3441,0,0,0,0,0,0,0,0,0,0,0,0,0,0,0,0,0,0,0,0
3455,0,0,0,0,0,0,0,0,0,0,0,0,0,0,0,0,0,0,0,0
3490,0,0,0,0,0,0,0,0,0,0,0,0,0,0,0,0,0,0,0,0
3516,0,0,0,0,0,0,0,0,0,0,0,0,0,0,0,0,0,0,0,0
3523,0,0,0,0,0,0,0,0,0,0,0,0,0,0,0,0,0,0,0,0
3531,0,0,0,0,0,0,0,0,0,0,0,0,0,0,0,0,0,0,0,0
3615,0,0,0,0,0,0,0,0,0,0,0,0,0,0,0,0,0,0,0,0
3623,0,0,0,0,0,0,0,0,0,0,0,0,0,0,0,0,0,0,0,0
3630,0,0,0,0,0,0,0,0,0,0,0,0,0,0,0,0,0,0,0,0
3666,0,0,0,0,0,0,0,0,0,0,0,0,0,0,0,0,0,0,0,0
3685,0,0,0,0,0,0,0,0,0,0,0,0,0,0,0,0,0,0,0,0
3691,20,6,60,0,0,0,0,0,0,0,0,0,0,0,0,0,0,0,0,-100
3713,0,0,0,0,0,0,0,0,0,0,0,0,0,0,0,0,0,0,0,0
4729,0,0,0,0,0,0,0,0,0,0,0,0,0,0,0,0,0,0,0,0
4933,0,0,0,0,0,0,0,0,0,0,0,0,0,0,0,0,0,0,0,0
4944,0,0,0,0,0,0,0,0,0,0,0,0,0,0,0,0,0,0,0,0
4972,0,0,0,0,0,0,0,0,0,0,0,0,0,0,0,0,0,0,0,0
4995,0,0,0,0,0,0,0,0,0,0,0,0,0,0,0,0,0,0,0,0
5220,0,0,0,0,0,0,0,0,0,0,0,0,0,0,0,0,0,0,0,0
5230,0,0,0,0,0,0,0,0,0,0,0,0,0,0,0,0,0,0,0,0
5245,0,0,0,0,0,0,0,0,0,0,0,0,0,0,0,0,0,0,0,0
5251,0,0,0,0,0,0,0,0,0,0,0,0,0,0,0,0,0,0,0,0
5315,0,0,0,0,0,0,0,0,0,0,0,0,0,0,0,0,0,0,0,0
5371,0,0,0,0,0,0,0,0,0,-2,0,0,0,0,-3,0,0,0,0,0
5392,0,0,0,0,0,0,0,0,0,0,0,0,0,0,0,0,0,0,0,0
5432,0,0,0,0,0,0,0,0,0,0,0,0,0,0,0,0,0,0,0,0
5443,0,0,0,0,0,0,0,0,0,0,0,0,0,0,0,0,0,0,0,0
6125,0,0,0,0,0,0,0,0,0,0,0,0,0,0,0,0,0,0,0,0
6167,0,0,0,0,0,0,0,0,0,0,0,0,0,0,0,0,0,0,0,0
6222,0,0,0,0,0,0,0,0,0,0,0,0,0,0,0,0,0,0,0,0
6234,0,0,0,0,0,0,0,0,0,0,0,0,0,0,0,0,0,0,0,0
6244,0,0,0,0,0,0,0,0,0,-2,0,0,0,0,-2,0,0,0,0,0
6246,0,0,0,0,0,0,0,0,0,0,0,0,0,0,0,0,0,0,0,0
6419,0,0,0,0,0,0,0,0,0,0,0,0,0,0,0,0,0,0,0,0
6556,0,0,0,0,0,0,0,0,0,0,0,0,0,0,0,0,0,0,0,0
6560,0,0,0,0,0,0,0,0,0,0,0,0,0,0,0,0,0,0,0,0
7402,0,0,0,0,0,0,0,0,0,0,0,0,0,0,0,0,0,0,0,0
8049,0,0,0,0,0,0,0,0,0,0,0,0,0,0,0,0,0,0,0,0
8064,0,0,0,0,0,0,0,0,0,0,0,0,0,0,0,0,0,0,0,0
8069,60,0,90,0,0,16,-1216,0,115,96,251,425,300,-0,24,70,18,165,0,40
8087,0,0,0,0,0,0,0,0,0,0,0,0,0,0,0,0,0,0,0,0
8111,0,0,0,0,0,0,0,0,0,0,0,0,0,0,0,0,0,0,0,0
8240,0,0,0,0,0,0,0,0,0,0,0,0,0,0,0,0,0,0,0,0
3081,0,0,0,0,0,0,0,0,0,0,0,0,0,0,-1,0,0,-22,0,0
3095,0,0,0,0,0,0,0,0,0,0,0,0,0,0,0,0,0,0,0,0
3152,55,-1,0,0,-150,0,10,0,124,23,82,82,56,169,-192,63,41,31,-29,-10
3163,0,0,0,0,0,0,0,0,0,0,0,0,0,0,0,0,0,0,0,0
3221,0,0,0,0,0,0,0,0,0,0,0,0,0,0,0,0,0,0,0,0
3234,0,0,0,0,0,0,0,0,0,0,0,0,0,0,0,0,0,0,0,0
3306,0,0,0,0,0,0,0,0,0,0,0,0,0,0,0,0,0,0,0,0
3363,0,0,0,0,0,0,0,0,0,0,0,0,0,0,0,0,0,0,0,0
3466,0,0,0,0,0,0,0,0,0,0,0,0,0,0,0,0,0,0,0,0
3491,0,0,0,0,0,0,0,0,0,0,0,0,0,0,0,0,0,0,0,0
3499,0,0,0,0,0,0,0,0,0,0,0,0,0,0,0,0,0,0,0,0
3558,0,0,0,0,0,0,0,0,0,0,0,0,0,0,0,0,0,0,0,0
3564,0,0,0,0,0,0,0,0,0,0,0,0,0,0,0,0,0,0,0,0
3632,0,0,0,0,0,0,0,0,0,0,0,0,0,0,0,0,0,0,0,0
3672,0,0,0,0,0,0,0,0,0,0,0,0,0,0,0,0,0,0,0,0
3684,0,0,0,0,0,0,0,0,0,0,0,0,0,0,0,0,0,0,0,0
4903,0,0,0,0,0,0,0,0,0,0,0,0,0,0,0,0,0,0,0,0
4905,0,0,0,0,0,0,0,0,0,0,0,0,0,0,0,0,0,0,0,0
4908,0,0,0,0,0,0,0,0,0,0,0,0,0,0,0,0,0,0,0,0
4909,0,0,0,0,0,0,0,0,0,0,0,0,0,0,0,0,0,0,0,0
4979,0,0,0,0,0,0,0,0,0,0,0,0,0,0,0,0,0,0,0,0
5348,0,0,0,0,0,0,0,0,0,0,0,0,0,0,0,0,0,0,0,0
5353,0,0,0,0,0,0,0,0,0,0,0,0,0,0,0,0,0,0,0,0
6109,0,0,0,0,0,0,0,0,0,0,0,0,0,0,0,0,0,0,0,0
6143,0,0,0,0,0,0,0,0,0,0,0,0,0,0,0,0,0,0,0,0
6163,0,0,0,0,0,0,0,0,0,0,0,0,0,0,0,0,0,0,0,0
6170,0,0,0,0,0,0,0,0,0,0,0,0,0,0,0,0,0,0,0,0
6190,0,0,0,0,0,0,0,0,0,0,0,0,0,0,0,0,0,0,0,0
6218,0,0,0,0,0,0,0,0,0,0,0,0,0,0,0,0,0,0,0,0
6241,0,0,0,0,0,0,0,0,0,0,0,0,0,0,0,0,0,0,0,0
6245,0,0,0,0,0,0,0,0,0,0,-120,0,0,-28,0,-50,0,-20,-2,-20
6263,0,0,0,0,0,0,0,0,0,0,0,0,0,0,0,0,0,0,0,0
6417,0,0,0,0,0,0,0,0,0,0,0,0,0,0,0,0,0,0,0,0
6465,0,0,0,0,0,0,0,0,0,0,0,0,0,0,0,0,0,0,0,0
6470,0,0,0,0,0,0,0,0,0,0,0,0,0,0,0,0,0,0,0,0
6486,0,0,0,0,0,0,0,0,0,0,0,0,0,0,0,0,0,0,0,0
6530,0,0,0,0,0,0,0,0,0,0,0,0,0,0,0,0,0,0,0,0
6561,0,0,0,0,0,0,0,0,0,0,0,0,3,0,0,-17,-23,-52,-36,0
6588,0,0,0,0,0,0,0,0,0,0,0,0,0,0,0,0,0,0,0,0
8034,0,0,0,0,0,0,0,0,0,0,0,0,0,0,0,0,0,0,0,0
8048,0,0,0,0,0,0,0,0,0,0,0,0,0,0,0,0,0,0,0,0
8059,0,0,0,0,0,0,0,0,0,0,0,0,0,0,0,0,0,0,0,0
8089,0,0,0,0,0,0,0,0,0,0,0,0,0,0,0,0,0,0,0,0
8097,0,0,0,0,0,0,0,0,0,0,0,0,0,0,0,0,0,0,0,0
8171,0,0,0,0,0,0,0,0,0,0,0,0,0,0,0,0,0,0,0,0
8176,0,0,0,0,0,0,0,0,0,0,0,0,0,0,0,0,0,0,0,0
1336,0,0,0,0,0,0,0,0,0,0,0,0,0,0,0,0,0,0,0,0
1595,0,0,0,0,0,0,0,0,0,0,0,0,0,0,0,0,0,0,0,0
1815,0,0,0,0,0,0,0,0,0,0,0,0,0,0,0,0,0,0,0,0
3078,0,0,0,0,0,0,0,0,0,-1,0,0,-135,0,-762,-760,0,0,0,0
3089,0,0,0,0,0,0,0,0,0,0,0,0,0,0,0,0,0,0,0,0
3114,0,0,0,0,0,0,0,0,0,0,0,0,0,0,0,0,0,0,0,0
3115,0,0,0,0,0,0,0,0,0,0,0,0,0,0,0,0,0,0,0,0
3144,0,0,0,0,0,0,0,0,0,0,0,0,0,0,0,0,0,0,0,0
3191,0,0,0,0,0,0,0,0,0,0,0,0,0,0,0,0,0,0,0,0
3202,0,0,0,0,0,0,0,0,0,0,0,0,0,0,0,0,0,0,0,0
3206,0,0,0,0,0,0,0,0,0,0,0,0,0,0,0,0,0,0,0,0
3207,0,0,0,0,0,0,0,0,0,0,0,0,0,0,0,0,0,0,0,0
3217,0,0,0,0,0,0,0,0,-70,0,0,0,-237,-60,0,-57,-36,0,-79,-54
3236,0,0,0,0,0,0,0,0,0,0,0,0,0,0,0,0,0,0,0,0
3276,0,0,0,0,0,0,0,0,0,0,0,0,0,0,0,0,0,0,0,0
3288,0,0,0,0,0,0,0,0,0,0,0,0,0,0,0,0,0,0,0,0
3290,0,0,0,0,0,0,0,0,0,0,0,0,0,0,0,0,0,0,0,0
3294,0,0,0,0,0,0,0,0,0,0,0,0,0,0,0,0,0,0,0,0
3310,0,0,0,0,0,0,0,0,0,0,0,0,0,0,0,0,0,0,0,0
3313,0,0,0,0,0,0,0,0,0,0,0,0,0,0,0,0,0,0,0,0
3322,0,0,0,0,0,0,0,0,0,0,0,0,0,0,0,0,0,0,0,0
3332,0,0,0,0,0,0,0,0,0,0,0,0,0,0,0,0,0,0,0,0
3354,0,0,0,0,0,0,0,0,0,0,0,0,0,0,0,0,0,0,0,0
3357,0,0,0,0,-3,0,0,0,0,0,0,0,0,0,0,0,13,0,0,0
3388,0,0,0,0,0,0,0,0,0,0,0,0,0,0,0,0,0,0,0,0
3390,0,0,0,0,0,0,0,0,0,0,0,0,0,0,0,0,0,0,0,0
3465,0,0,0,0,0,0,0,0,0,0,0,0,0,0,0,0,0,0,0,0
3484,0,0,0,0,0,0,0,0,0,0,0,0,0,0,0,0,0,0,0,0
3492,0,0,0,0,0,0,0,0,0,0,0,0,0,0,0,0,0,0,0,0
3511,0,0,0,0,0,0,0,0,0,0,0,0,0,0,0,0,0,0,0,0
3512,0,0,0,0,0,0,0,0,0,0,0,0,0,0,0,0,0,0,0,0
3520,0,0,0,0,0,0,0,0,0,0,0,0,0,0,0,0,0,0,0,0
3526,0,0,0,0,0,0,0,0,0,0,0,0,0,0,0,0,0,0,0,0
3537,0,0,0,0,0,0,0,0,0,0,0,0,0,0,0,0,0,0,0,0
3548,0,0,0,0,0,0,0,0,191,0,0,112,0,0,0,0,-74,0,0,0
3597,0,0,0,0,0,0,0,0,0,0,0,0,0,0,0,0,0,0,0,0
3609,0,0,0,0,0,0,0,0,0,0,0,0,0,0,0,0,0,0,0,0
3624,0,0,0,0,0,0,0,0,0,0,0,0,0,0,0,0,0,0,0,0
3631,0,0,0,0,0,0,0,0,0,0,0,0,0,0,0,0,0,0,0,0
3646,0,0,0,0,0,0,0,0,0,0,0,0,0,0,0,0,0,0,0,0
3689,0,0,0,0,0,0,0,0,0,0,0,0,0,0,0,0,0,0,0,0
3710,0,0,0,0,0,0,0,0,0,0,0,0,0,0,0,0,0,0,0,0
4542,0,0,0,0,0,0,0,0,0,0,0,0,0,0,0,0,0,0,0,0
4939,0,0,0,0,0,0,0,0,0,0,0,0,0,0,0,0,0,0,0,0
4974,0,0,0,0,0,0,0,0,0,0,0,0,0,0,0,0,0,0,0,0
5291,0,0,0,0,0,0,0,0,0,0,0,0,0,0,0,0,0,0,0,0
5309,0,0,0,0,0,0,0,0,0,0,-120,0,0,0,0,0,0,0,0,0
5321,0,0,0,0,0,0,0,0,0,0,0,0,0,0,0,0,0,0,0,0
5328,0,0,0,0,0,0,0,0,0,0,0,0,0,0,0,0,0,0,0,0
5340,0,0,0,0,0,0,0,0,0,0,0,0,0,0,0,0,0,0,0,0
5345,0,0,0,0,0,0,0,0,0,0,0,0,0,0,0,0,0,0,0,0
5355,0,0,0,0,0,0,0,0,0,0,0,0,0,0,0,0,0,0,0,0
5381,0,0,0,0,0,0,0,0,0,0,0,0,0,0,0,0,0,0,0,0
5439,0,0,0,-30,-70,-80,-50,-123,-144,-50,14,0,30,97,187,0,230,814,247,0
5457,0,0,0,0,700,0,0,0,0,-1,0,0,-1100,-188,-155,-61,0,-190,-250,-556
5460,0,0,0,0,0,0,0,0,0,0,0,0,0,0,0,0,0,0,0,0
5464,0,0,0,0,0,0,0,0,0,0,0,0,0,0,0,0,0,0,0,0
5475,0,0,0,0,0,0,0,0,0,0,0,0,0,0,0,0,0,0,0,0
5488,0,0,0,0,0,0,0,0,0,0,0,0,0,0,0,0,0,0,0,0
5498,0,0,0,0,0,0,0,0,0,0,0,0,0,0,0,0,0,0,0,0
6114,0,0,0,0,0,0,0,0,0,0,0,0,0,0,0,0,0,0,0,0
6124,0,0,0,0,0,0,0,0,0,0,0,0,0,0,0,0,0,0,0,0
6126,0,0,0,0,0,0,0,0,0,0,0,0,0,0,-20,0,0,0,0,0
6127,0,0,0,0,0,0,0,0,0,0,0,0,0,0,0,0,0,0,0,0
6134,0,0,0,0,0,0,0,0,0,0,0,0,0,0,0,0,0,0,0,0
6156,0,0,0,0,0,0,0,0,0,0,0,0,0,0,0,0,0,0,0,0
6158,0,0,0,0,0,0,0,0,0,0,0,0,0,0,0,0,0,0,0,0
6173,0,0,0,0,0,0,0,0,0,0,0,0,0,0,-1,0,0,0,0,0
6174,0,0,0,0,0,0,0,0,0,0,0,0,0,0,0,0,0,0,0,0
6175,0,0,0,0,0,0,0,0,0,0,0,0,0,0,0,0,0,0,0,0
6185,0,0,0,0,0,0,0,0,0,0,0,0,0,0,0,0,0,0,0,0
6194,0,0,0,0,0,0,0,0,0,0,0,0,0,0,0,0,0,0,0,0
6203,0,0,0,0,0,0,0,0,0,0,0,0,0,0,0,0,0,0,0,0
6204,0,0,0,0,0,0,0,0,0,0,0,0,0,0,0,0,0,0,0,0
6207,0,0,0,0,0,0,0,0,0,0,0,0,0,0,0,0,0,0,0,0
6208,0,0,0,0,0,0,0,0,0,0,0,0,0,0,0,0,0,0,0,0
6210,0,0,0,0,0,0,0,0,0,0,0,0,0,0,0,0,0,0,0,0
6217,0,0,0,0,0,0,0,0,0,0,0,0,-146,0,0,0,0,0,0,0
6220,0,0,0,0,0,0,0,0,0,0,0,0,0,0,0,0,0,0,0,0
6259,0,0,0,0,0,0,0,0,0,0,0,0,0,0,0,0,0,0,0,0
6266,0,0,0,0,0,0,0,0,0,0,0,0,0,0,0,0,0,0,0,0
6274,0,0,0,0,0,0,-55,-32,-8,-3,0,-34,16,-400,-1,0,-37,-142,-0,-121
6279,0,0,0,0,0,0,0,0,0,0,0,0,0,0,0,0,0,0,0,-100
6284,0,0,0,0,0,473,0,0,0,0,0,-440,-568,-104,0,0,0,0,40,-304
6290,0,0,0,0,0,0,0,0,0,0,0,0,0,0,0,0,0,0,0,0
6292,0,0,0,0,0,0,0,0,0,0,0,0,0,0,0,0,0,0,0,0
6418,0,0,0,0,0,0,0,0,0,0,0,0,0,0,0,0,0,0,0,0
6432,0,0,0,0,0,0,0,0,0,0,0,0,0,0,0,0,0,0,0,0
6538,0,0,0,0,0,0,0,0,0,0,0,0,0,0,0,0,0,0,0,0
6642,0,0,0,0,0,0,0,0,0,0,0,0,0,0,0,0,0,0,0,0
6664,0,0,0,0,0,0,0,0,0,0,0,0,0,0,0,0,0,0,0,0
6727,0,0,0,0,0,0,0,0,0,0,0,0,0,0,0,0,0,0,0,0
8038,0,0,0,0,0,0,0,0,0,0,0,0,0,0,0,0,0,0,0,0
8042,0,0,0,0,0,0,0,0,0,0,0,0,0,0,0,0,0,0,0,0
8043,0,0,0,0,0,0,0,0,0,0,0,0,0,0,0,0,0,0,0,0
8071,0,0,0,0,0,0,0,0,0,0,0,0,0,0,0,0,0,0,0,0
8074,0,0,0,0,0,0,0,0,0,0,0,0,0,0,0,0,0,0,0,0
8080,0,0,0,0,0,0,0,0,0,0,0,0,0,0,0,0,0,0,0,0
8091,0,0,0,0,0,0,0,0,0,0,0,0,0,0,0,0,0,0,0,0
8093,0,0,0,0,0,0,0,0,0,0,0,0,0,0,0,0,0,0,0,0
8109,0,0,0,7,0,0,0,0,21,0,9,0,18,0,0,10,0,22,22,20
8121,0,0,0,0,0,0,0,0,0,0,0,0,0,0,0,0,0,0,0,0
8147,0,0,0,0,0,0,0,0,0,0,0,0,0,0,0,0,0,0,0,0
8155,0,0,0,0,0,0,0,0,0,0,0,0,0,0,0,0,0,0,0,0
8182,0,0,0,0,0,0,0,0,0,0,0,0,0,0,0,0,0,0,0,0
8289,0,0,0,0,0,0,0,0,0,0,0,0,0,0,0,0,0,0,0,0
8291,0,0,0,0,0,0,0,0,0,0,0,0,0,0,0,0,0,0,0,0
8358,56,350,-15,0,1830,-1021,-1931,577,335,300,2503,555,-8,2316,295,-1500,-508,1435,880,-1057
3224,0,0,0,0,0,0,0,0,0,0,0,0,0,0,0,0,0,0,0,0
3232,0,0,0,0,0,0,0,0,0,0,0,0,0,0,0,0,0,0,0,0
3360,0,0,0,0,0,0,0,0,0,0,0,0,0,0,0,0,0,0,0,0
3444,0,0,0,0,0,0,0,0,0,0,0,0,0,0,0,0,0,0,0,0
6113,0,0,0,0,0,0,0,0,0,0,0,0,0,0,0,0,0,0,0,0
6118,0,0,0,0,0,0,0,0,0,0,0,0,0,0,0,0,0,0,0,0
6154,0,0,0,0,0,0,0,0,0,0,0,0,0,0,0,0,0,0,0,0
6227,0,0,0,0,0,0,0,0,0,0,0,0,0,0,0,0,0,0,0,0
6265,0,0,0,0,0,0,0,0,0,0,0,0,0,0,0,0,0,0,0,0
6270,0,0,0,0,0,0,0,0,0,0,0,0,0,0,0,0,0,0,0,0
8032,0,0,0,0,0,0,0,0,0,0,0,0,0,0,0,0,0,0,0,0
8067,0,0,0,0,0,0,0,0,0,0,0,0,0,0,0,0,0,0,0,0
8068,0,0,0,0,0,0,0,0,0,0,0,0,0,0,0,0,0,0,0,0
8084,0,0,0,0,0,0,0,0,0,0,0,0,0,0,0,0,0,0,0,0
8096,0,0,0,0,0,0,0,0,0,0,0,0,0,0,0,0,0,0,0,0
3147,0,0,0,0,0,0,0,0,0,0,0,0,0,0,0,0,0,0,0,0
3570,0,0,0,0,0,0,0,0,0,0,0,0,0,0,0,0,0,0,0,0
4953,0,0,0,10,0,35,0,0,0,0,0,0,0,0,0,50,0,0,0,0
5201,0,0,0,0,0,0,0,0,0,0,0,0,0,0,0,0,0,0,0,0
5202,0,0,0,0,0,0,0,0,0,0,0,0,0,0,0,0,0,0,0,0
5209,0,0,0,0,0,0,0,0,0,0,0,0,0,0,0,0,0,0,0,0
5210,0,0,0,0,0,0,0,0,0,0,0,0,0,0,0,0,0,0,0,0
5211,0,0,0,0,0,0,0,0,0,0,0,0,0,0,0,0,0,0,0,0
5212,0,0,0,0,0,0,0,0,0,0,0,0,0,0,0,0,0,0,0,0
5310,0,0,0,0,0,0,0,0,0,0,0,0,0,0,0,0,0,0,0,0
5403,0,0,0,0,0,0,0,0,0,0,0,0,0,0,0,0,0,0,0,0
5410,0,0,0,0,0,0,0,0,0,0,0,0,0,0,0,0,0,0,0,0
6140,0,0,0,0,0,0,0,0,0,0,0,0,0,0,0,0,0,0,0,0
6148,0,0,0,0,0,0,0,0,0,0,0,0,0,0,0,0,0,0,0,0
6221,0,0,0,0,0,0,0,0,0,0,0,0,0,0,0,0,0,0,0,0
6231,0,0,0,0,0,0,0,0,0,0,0,0,0,0,0,0,0,0,0,0
6240,0,0,0,0,0,0,0,0,0,0,0,0,0,0,0,0,0,0,0,0
6516,0,0,0,0,0,0,0,0,0,0,0,0,0,0,0,0,0,0,0,0
6590,0,0,0,0,0,0,0,0,0,0,0,0,0,0,0,0,0,0,0,0
6593,0,0,0,0,0,0,0,0,0,0,0,0,0,0,0,0,0,0,0,0
6690,0,0,0,0,0,0,0,0,0,0,0,0,0,0,0,0,0,0,0,0
6697,0,0,0,0,0,0,0,0,0,0,0,0,0,0,0,0,0,0,0,0
6751,0,0,0,0,0,0,0,0,0,0,0,0,0,0,0,0,0,0,0,0
6752,0,0,0,0,0,0,0,0,0,0,0,0,0,0,0,0,0,0,0,0
8099,0,0,0,0,0,0,0,0,0,0,0,0,0,0,0,0,0,0,0,0
8284,0,0,0,0,0,0,0,0,0,0,0,0,0,0,0,0,0,0,0,0
8416,0,0,0,0,0,0,0,0,0,0,0,0,0,0,0,0,0,0,0,0
1785,0,0,0,0,0,0,0,0,0,-2,0,0,0,0,-4,0,0,0,0,0
3067,0,0,0,0,0,0,0,0,0,0,0,0,0,0,0,0,0,0,0,0
3093,0,0,0,0,0,0,0,0,0,0,0,0,0,0,0,0,0,0,0,0
3131,0,0,0,10,10,0,0,12,35,0,15,10,0,0,-2,70,-102,-81,0,-15
3285,0,0,0,0,0,0,0,0,0,0,0,0,0,0,0,0,0,0,0,0
3289,0,0,0,0,0,0,0,0,0,0,0,0,0,0,0,0,0,0,0,0
3303,0,0,0,0,0,0,0,0,0,0,0,0,0,0,0,0,0,0,0,0
3324,82,0,0,65,166,0,0,0,0,-1,0,35,0,0,-16,0,0,0,0,0
3373,0,0,0,0,0,0,0,0,0,0,0,0,0,0,0,0,0,0,0,0
3402,0,0,0,0,0,0,0,0,0,0,0,0,0,0,0,0,0,0,0,0
3498,0,0,0,0,0,0,0,0,0,0,0,0,0,0,0,0,0,0,0,0
3508,0,0,0,0,0,0,0,0,0,0,0,0,0,0,0,0,0,0,0,0
3541,0,0,0,0,0,0,0,0,0,0,0,0,0,0,0,0,0,0,0,0
3551,0,0,0,0,0,0,0,0,0,0,0,0,0,0,0,0,0,0,0,0
3552,0,0,0,0,0,0,0,0,0,0,0,-100,0,-480,-50,-233,-122,-28,-228,-1589
3580,0,0,0,0,0,0,0,0,0,0,0,0,0,0,0,0,0,0,0,0
3587,0,0,0,0,25,25,0,0,0,0,0,0,0,0,0,0,0,0,0,0
3628,0,0,0,0,0,0,0,0,0,0,0,0,0,0,0,0,0,0,0,0
3642,0,0,0,0,0,0,0,0,0,0,0,0,0,0,0,0,0,0,0,0
3663,0,0,0,0,0,0,0,0,0,0,0,0,0,0,0,0,0,0,0,0
4554,0,0,0,0,0,0,0,0,0,0,0,0,0,0,0,0,0,0,0,0
4760,0,0,0,0,0,0,0,0,0,0,0,0,0,0,0,0,0,0,0,0
5205,0,0,0,0,0,0,0,0,0,0,0,0,0,0,0,0,0,0,0,0
5383,0,0,0,0,0,0,0,0,0,0,0,0,0,0,0,0,0,0,0,0
5452,0,0,0,0,0,0,0,0,0,0,0,0,0,0,0,0,0,0,0,0
5489,0,0,0,0,0,0,0,0,0,0,0,0,0,0,0,0,0,0,0,0
5493,0,0,0,0,0,0,0,0,0,0,0,0,0,0,0,0,0,0,0,0
5536,0,0,0,0,0,0,0,0,0,-1,0,0,1,-19,0,0,0,0,-19,0
6146,0,0,0,0,0,0,0,-3,0,-19,-21,0,0,0,0,10,12,0,0,23
6151,0,0,0,0,0,0,0,0,0,0,0,0,0,0,0,0,0,0,0,0
6187,100,0,0,0,0,0,0,0,0,0,0,0,0,-150,-150,0,0,0,0,0
6247,0,0,0,0,0,0,0,0,0,0,0,0,0,0,0,0,0,0,0,0
6275,0,0,0,0,0,0,0,0,0,0,0,0,0,0,0,0,0,0,0,0
6512,0,0,0,0,0,0,0,0,0,0,0,0,0,0,0,0,0,0,0,0
6613,0,0,0,0,0,0,0,0,0,0,0,0,0,0,0,0,0,0,0,0
6654,0,0,0,0,0,0,0,0,0,0,0,0,0,0,0,0,0,0,0,0
6667,0,0,0,0,0,0,0,0,0,0,0,0,0,0,0,0,0,0,0,0
8047,0,0,0,0,0,0,0,0,0,0,0,0,0,0,0,0,0,0,0,0
8085,0,0,0,0,0,0,0,0,0,0,0,0,0,0,0,0,0,0,0,0
8092,0,0,0,0,0,0,0,0,0,0,0,0,0,0,0,0,0,0,0,0
8183,0,0,0,0,0,0,0,0,0,0,0,0,0,0,0,0,0,0,0,0
8383,0,0,0,0,0,0,0,0,0,0,0,0,0,0,0,0,0,0,0,0
8431,0,0,0,0,0,0,0,0,0,0,0,0,0,0,0,0,0,0,0,0
8908,0,0,0,0,0,0,0,0,0,0,0,0,0,0,0,0,0,0,0,0
8917,0,0,0,0,0,0,0,0,0,0,0,0,0,0,0,0,0,0,0,0
8927,0,0,0,0,0,0,0,0,0,0,0,0,0,0,0,0,0,0,0,0
8931,0,0,0,0,0,0,0,0,0,0,0,0,0,0,0,0,0,0,0,0
2596,0,0,0,0,0,0,0,0,0,0,0,0,0,0,0,0,0,0,0,0
3188,0,0,0,0,0,0,0,0,0,0,0,0,0,0,0,0,0,0,0,0
3489,0,0,0,0,0,0,0,0,0,0,0,0,0,0,0,0,0,0,0,0
4113,0,0,0,0,0,0,0,0,0,0,0,0,0,0,0,0,0,0,0,0
4416,0,0,0,0,0,0,0,0,0,0,0,0,0,0,0,0,0,0,0,0
4907,0,0,0,0,0,0,0,0,0,0,0,0,0,0,0,0,0,0,0,0
5206,0,0,0,0,0,0,0,0,0,0,0,0,0,0,0,0,0,0,0,0
5213,0,0,0,0,0,0,0,0,0,0,0,0,0,0,0,0,0,0,0,0
5324,0,0,0,0,0,0,0,0,0,0,0,0,0,0,0,0,0,0,0,0
5455,0,0,0,0,0,0,0,0,0,0,0,0,0,0,0,0,0,0,0,0
5508,0,0,0,0,0,0,0,0,0,0,0,0,0,0,0,0,0,0,0,0
5511,0,0,0,0,0,0,0,0,0,0,0,0,0,0,0,0,0,0,0,0
5512,0,0,0,0,0,0,0,0,0,0,0,0,0,0,0,0,0,0,0,0
5514,0,0,0,0,0,0,0,0,0,0,0,0,0,0,0,0,0,0,0,0
5516,0,0,0,0,0,0,0,0,0,0,0,0,0,0,0,0,0,0,0,0
5520,0,0,0,0,0,0,0,0,0,0,0,0,0,0,0,0,0,0,0,0
5523,0,0,0,0,0,0,0,0,0,0,0,0,0,0,0,0,0,0,0,0
5529,0,0,0,0,0,0,0,0,0,0,0,0,0,0,0,0,0,0,0,0
6171,0,0,0,0,0,0,0,0,0,0,0,0,0,0,0,0,0,0,0,0
6186,0,0,0,0,0,0,0,0,0,0,0,0,0,0,0,0,0,0,0,0
6212,0,0,0,0,0,0,0,0,0,0,0,0,0,0,0,0,0,0,0,0
6219,0,0,0,0,0,0,0,0,0,0,0,0,0,0,0,0,0,0,0,0
6264,0,0,0,0,0,0,0,0,0,0,0,0,0,0,0,0,0,0,0,0
8424,0,0,0,0,0,0,0,0,0,0,0,0,0,0,0,0,0,0,0,0
2641,0,0,0,0,0,0,0,0,0,0,0,0,0,0,0,0,0,0,0,0
2643,0,0,0,0,0,0,0,0,0,0,0,0,0,0,0,0,0,0,0,0
5601,0,0,0,0,0,0,0,0,0,0,0,0,0,0,0,0,0,0,0,0
5603,0,0,0,0,0,0,0,0,0,0,0,0,0,0,0,0,0,0,0,0
5604,0,0,0,0,0,0,0,0,0,0,0,0,0,0,0,0,0,0,0,0
5609,0,0,0,0,0,0,0,0,0,-80,0,0,0,0,-40,0,0,0,0,0
1259,0,0,0,0,0,0,0,0,0,0,0,0,0,0,0,0,0,0,0,0
1268,0,0,0,0,0,0,0,0,0,0,0,0,0,0,0,0,0,0,0,0
2718,0,0,0,0,0,0,0,0,0,0,0,0,0,0,0,0,0,0,0,0
2719,0,0,0,0,0,0,0,0,0,0,0,0,0,0,0,0,0,0,0,0
2729,0,0,0,0,0,0,0,0,0,0,0,0,0,0,0,0,0,0,0,0
2732,0,0,0,0,0,0,0,0,0,0,0,0,0,0,0,0,0,0,0,0
2734,0,0,0,0,0,0,0,0,0,0,0,0,0,0,0,0,0,0,0,0
2736,0,0,0,0,0,0,0,0,0,0,0,0,0,0,0,0,0,0,0,0
2740,0,0,0,0,0,0,0,0,0,0,0,0,0,0,0,0,0,0,0,0
2743,0,0,0,0,0,0,0,0,0,0,0,0,0,0,0,0,0,0,0,0
2745,0,0,0,0,0,0,0,0,0,0,0,0,0,0,0,0,0,0,0,0
2752,0,0,0,0,0,0,0,0,0,0,0,0,0,0,0,0,0,0,0,0
2754,0,0,0,0,0,0,0,0,0,0,0,0,0,0,0,0,0,0,0,0
2755,0,0,0,0,0,0,0,0,0,0,0,0,0,0,0,0,0,0,0,0
3252,0,0,0,0,0,0,0,0,0,0,0,0,0,0,0,0,0,0,0,0
3522,0,0,0,0,0,0,0,0,0,0,0,0,0,0,0,0,0,0,0,0
5301,0,0,0,0,0,0,0,0,0,0,0,0,0,0,0,0,0,0,0,0
5364,0,0,0,0,0,0,0,0,0,0,0,0,0,0,0,0,0,0,0,0
5701,0,0,0,0,0,0,0,0,0,0,0,0,0,0,0,0,0,0,0,0
5703,0,0,0,0,0,0,0,0,0,0,0,0,0,0,0,0,0,0,0,0
5704,0,0,0,0,0,0,0,0,0,0,0,0,0,0,0,0,0,0,0,0
8077,0,0,0,0,0,0,0,0,0,0,0,0,0,0,0,0,0,0,0,0
5820,0,0,0,0,0,0,0,0,0,0,0,0,0,0,0,0,0,0,0,0
5864,0,0,0,0,0,0,0,0,0,0,0,0,0,0,0,0,0,0,0,0
5878,0,0,0,0,0,0,0,0,0,0,0,0,0,0,0,0,0,0,0,0
6015,0,0,0,0,0,0,0,0,0,0,0,0,0,0,0,0,0,0,0,0
6016,0,0,0,0,0,0,0,0,0,0,0,0,0,0,0,0,0,0,0,0
6020,0,0,0,0,0,0,0,0,0,0,0,0,0,0,0,0,0,0,0,0
6021,0,0,0,0,0,0,0,0,0,0,0,0,0,0,0,0,0,0,0,0
6023,0,0,0,0,0,0,0,0,0,0,0,0,0,0,0,0,0,0,0,0
6026,0,0,0,0,0,0,0,0,0,0,0,0,0,0,0,0,0,0,0,0
2916,0,0,0,0,0,0,0,0,0,0,0,0,0,0,0,0,0,0,0,0
2937,0,0,0,0,0,0,0,0,0,0,0,0,0,0,0,0,0,0,0,0
3171,0,0,0,0,0,0,0,0,0,0,0,0,0,0,0,0,0,0,0,0
5902,0,0,0,0,0,0,0,0,0,0,0,0,0,0,0,0,0,0,0,0
5903,0,0,0,0,0,0,0,0,0,0,0,0,0,0,0,0,0,0,0,0
5904,0,0,-10,-34,-27,-3,0,-10,0,0,0,0,-6,0,0,0,0,0,0,0
5905,0,0,0,0,0,0,0,0,0,0,0,0,0,0,0,0,0,0,0,0
6195,0,0,0,0,0,0,0,0,0,0,0,0,0,0,0,0,0,0,0,0
6728,0,0,0,0,0,0,0,0,0,0,0,0,0,0,0,0,0,0,0,0
8066,0,0,0,0,0,0,0,0,0,0,0,0,0,0,0,0,0,0,0,0
8433,0,0,0,0,0,0,0,0,0,0,0,0,0,0,0,0,0,0,0,0
8941,0,0,0,0,0,0,0,0,0,0,0,0,0,0,0,0,0,0,0,0
9960,0,0,0,0,0,0,0,0,0,0,0,0,0,0,0,0,0,0,0,0
1584,0,0,0,0,0,0,0,0,0,0,0,0,0,0,0,0,0,0,0,0
2221,0,0,0,0,0,0,0,0,0,0,0,0,0,0,0,0,0,0,0,0
2640,0,0,0,0,0,0,0,0,0,0,0,0,0,0,0,0,0,0,0,0
3284,0,0,0,0,0,0,0,0,0,0,0,0,0,0,0,0,0,0,0,0
4430,0,0,0,0,0,0,0,0,0,0,0,0,0,0,0,0,0,0,0,0
4529,0,0,0,0,0,0,0,0,0,0,0,0,0,0,0,0,0,0,0,0
4541,0,0,0,0,0,0,0,0,0,0,0,0,0,0,0,0,0,0,0,0
4556,0,0,0,0,0,0,0,0,0,0,0,0,0,0,0,0,0,0,0,0
4950,0,0,0,0,0,0,0,0,0,0,0,0,0,0,0,0,0,0,0,0
5306,0,0,0,0,19,0,0,0,0,0,40,0,0,40,0,0,0,0,0,0
5398,0,0,0,0,0,0,0,0,0,0,0,0,0,0,0,0,0,0,0,0
5450,0,0,0,0,0,0,0,0,0,0,0,0,0,0,0,0,0,0,0,0
5481,0,0,0,0,0,0,0,0,0,0,0,0,0,0,0,0,0,0,0,0
5530,0,0,0,0,0,0,0,0,0,0,0,0,0,0,0,0,0,0,0,0
6179,0,0,0,0,0,0,0,0,0,0,0,0,0,0,0,0,0,0,0,0
6199,0,0,0,0,0,0,0,0,0,0,0,0,0,0,0,0,0,0,0,0
6236,0,0,0,0,0,0,0,0,0,0,0,0,0,0,0,0,0,0,0,0
6624,0,0,0,0,0,0,0,0,0,0,0,0,0,0,0,0,0,0,0,0
6803,0,0,0,0,0,0,0,0,0,0,0,0,0,0,0,0,0,0,0,0
8342,0,0,0,0,0,0,0,0,0,0,0,0,0,0,0,0,0,0,0,0
8390,0,0,0,0,0,0,0,0,0,0,0,0,0,0,0,0,0,0,0,0
8401,0,0,0,0,0,0,0,0,0,0,0,0,0,0,0,0,0,0,0,0
8420,0,0,0,0,0,0,0,0,0,0,0,0,0,0,0,0,0,0,0,0
8421,0,0,0,0,0,0,0,0,0,0,0,0,0,0,0,0,0,0,0,0
8435,0,0,0,0,0,0,0,0,0,0,0,0,0,0,0,0,0,0,0,0
8440,0,0,0,0,0,0,0,0,0,0,0,0,0,0,0,0,0,0,0,0
8476,0,0,0,0,0,0,0,0,0,0,0,0,0,0,0,0,0,0,0,0
8905,0,0,0,0,0,0,0,0,0,0,0,0,0,0,0,0,0,0,0,0
8906,0,0,0,0,0,0,0,0,0,0,0,0,0,0,0,0,0,0,0,0
8916,0,0,0,0,0,0,0,0,0,0,0,0,0,0,0,75,75,0,0,0
8921,0,0,0,0,0,0,0,0,0,0,0,0,0,0,0,0,0,0,0,0
8924,581,68,353,428,35,0,0,0,0,0,0,0,0,-4,0,0,-1,-144,0,0
8928,0,0,0,0,0,0,0,0,0,0,0,0,0,0,0,0,0,0,0,0
8929,0,0,0,0,0,0,0,0,0,0,0,0,0,0,0,0,0,0,0,0
8932,0,0,0,0,0,0,0,0,0,0,0,0,0,0,0,0,0,0,0,0
8933,0,0,0,0,0,0,0,0,0,0,0,0,0,0,0,0,0,0,0,0
8935,0,0,0,0,0,0,0,0,0,0,0,0,0,0,0,0,0,0,0,0
8936,0,0,0,0,0,0,0,0,0,0,0,0,0,0,0,0,0,0,0,0
8937,0,0,0,0,0,0,0,0,0,0,0,0,0,0,0,0,0,0,0,0
8938,0,0,-292,254,0,0,-18,-1028,0,-786,-871,-601,0,0,6,-615,40,697,10,0
8942,0,0,0,0,0,0,0,0,0,0,0,0,0,0,0,0,0,0,0,0
2926,0,0,0,0,0,0,0,0,0,0,0,0,0,0,0,0,0,0,0,0
3064,0,0,0,0,0,0,0,0,0,0,0,0,0,0,0,0,0,0,0,0
3083,0,0,0,0,0,0,0,0,0,0,0,0,0,0,0,0,0,0,0,0
3086,0,0,0,0,0,0,0,0,0,0,0,0,0,0,0,0,0,0,0,0
3293,24,174,114,0,0,334,4,-26,-11,20,-8,16,109,16,0,0,-5,0,0,0
3546,0,0,0,0,0,0,0,0,0,0,0,0,0,0,0,0,0,0,0,0
3629,0,0,0,0,0,0,0,0,0,0,0,0,0,0,0,0,0,0,0,0
4806,0,0,0,0,0,0,0,0,0,0,0,0,0,0,0,0,0,0,0,0
4946,0,0,0,0,0,0,0,0,0,0,0,0,0,0,0,0,0,0,0,0
5263,0,0,0,0,0,0,0,0,0,125,0,0,0,0,0,0,0,0,0,0
5478,0,0,0,0,0,0,0,0,0,0,0,0,0,0,0,0,0,-100,0,0
6101,0,0,0,0,0,0,0,0,0,0,0,0,0,0,0,0,0,0,0,0
6111,0,0,0,0,0,0,0,0,0,0,0,0,0,0,0,0,0,0,0,0
6144,0,0,0,0,0,0,0,0,0,0,0,0,0,0,0,0,0,0,0,0
6169,0,0,0,0,0,0,0,0,0,0,0,0,0,0,0,0,0,0,0,0
6180,0,0,0,0,0,0,0,0,0,0,0,0,0,0,-1,0,0,0,0,0
6294,0,0,0,0,0,0,0,0,0,0,0,0,0,0,0,0,0,0,0,0
6482,0,0,0,0,0,0,0,0,0,0,0,0,0,0,0,0,0,0,0,0
6542,0,0,0,0,0,0,0,0,0,0,0,0,0,0,0,0,0,0,0,0
6596,0,0,0,0,0,0,0,0,0,0,0,0,0,0,0,0,0,0,0,0
8446,0,0,0,0,0,0,0,0,0,0,0,0,0,0,0,0,0,0,0,0
8450,0,0,0,0,0,0,0,0,0,0,0,0,0,0,0,0,0,0,0,0
8489,0,0,0,0,0,0,0,0,0,0,0,0,0,0,0,0,0,0,0,0
8923,0,0,0,0,0,0,0,0,0,0,0,0,0,0,0,0,0,0,0,0
9949,0,0,0,0,0,0,0,0,0,0,0,0,0,0,0,0,0,0,0,0
1240,0,0,0,0,0,0,0,0,0,0,0,0,0,0,0,0,0,0,0,0
4171,0,0,0,0,0,0,0,0,0,0,0,0,0,0,0,0,0,0,0,0
6508,0,0,0,0,0,0,0,0,0,0,0,0,0,0,0,0,0,0,0,0
6578,0,0,0,0,0,0,0,0,0,0,0,0,0,0,0,0,0,0,0,0
3085,0,0,0,0,0,0,0,0,0,0,0,0,0,0,0,0,0,0,0,0
3687,0,0,0,0,0,0,0,0,0,0,0,0,0,0,0,0,0,0,0,0
5278,0,0,0,0,0,0,0,0,0,0,0,0,0,0,0,0,0,0,0,0
5287,0,0,0,0,0,0,0,0,0,0,0,0,0,0,0,0,0,0,0,0
8044,0,0,0,0,0,0,0,0,0,0,0,0,0,0,0,0,0,0,0,0
8472,0,0,0,0,0,0,0,0,0,0,0,0,0,0,0,0,0,0,0,0
8477,0,0,0,0,0,0,0,0,0,0,0,0,0,0,0,0,0,0,0,0
